audit_timestamp,rollback_snapshot_id,production_dbf_flag,review_queue,reconstructed_claim_id,prototype_claimnum,policy_number,claim_family,first_activity_date,lifecycle_status,transaction_codes,net_payment,payout_total,div_on_dep_excluded,adjusted_payout,balancing_difference_adjusted,phase4_balancing_status,rebalance_status,distortion_pattern,business_explanation,recommended_business_question,recommended_next_action,rulebook_lineage
2026-06-16T14:11:35Z,PHASE26-CLIENT-BUSINESS-REVIEW-20260616T141135Z,N,UNBALANCED_DEATH_CLAIM,RC-9011196134-1-DEATH_CLAIM-C0-20200314,CLM0004500,9011196134,DEATH_CLAIM,20200314,SETTLED,0038|0094|0530,150000.00,76963.55,74045.81,2917.74,147082.26,UNBALANCED,UNBALANCED,PARTIAL_PAYOUT_MULTI_PAYEE_OR_INCOMPLETE,Death claim remains unbalanced after client-authorized 2023/603703R dividend-on-deposit exclusion (Phase 24 rebalance).,"Approve for UAT as-is (client accepts accounting variance), convert header-only, or permanently exclude from claims conversion?",CLIENT_DECISION_REQUIRED,phase24_client_balancing_rerun|phase25_uat_emit_refresh|phase26_client_business_review_packet
2026-06-16T14:11:35Z,PHASE26-CLIENT-BUSINESS-REVIEW-20260616T141135Z,N,UNBALANCED_DEATH_CLAIM,RC-9010736035-1-DEATH_CLAIM-C0-20190613,CLM0000888,9010736035,DEATH_CLAIM,20190613,SETTLED,0038|0094|0530,148656.00,81378.18,67531.60,13846.58,134809.42,UNBALANCED,UNBALANCED,PARTIAL_PAYOUT_MULTI_PAYEE_OR_INCOMPLETE,Death claim remains unbalanced after client-authorized 2023/603703R dividend-on-deposit exclusion (Phase 24 rebalance).,"Approve for UAT as-is (client accepts accounting variance), convert header-only, or permanently exclude from claims conversion?",CLIENT_DECISION_REQUIRED,phase24_client_balancing_rerun|phase25_uat_emit_refresh|phase26_client_business_review_packet
2026-06-16T14:11:35Z,PHASE26-CLIENT-BUSINESS-REVIEW-20260616T141135Z,N,UNBALANCED_DEATH_CLAIM,RC-9011209469-1-DEATH_CLAIM-C0-20190417,CLM0004921,9011209469,DEATH_CLAIM,20190417,SETTLED,0038|0094|0530|0630,100119.99,57899.33,43328.22,14571.11,85548.88,UNBALANCED,UNBALANCED,PARTIAL_PAYOUT_MULTI_PAYEE_OR_INCOMPLETE,Death claim remains unbalanced after client-authorized 2023/603703R dividend-on-deposit exclusion (Phase 24 rebalance).,"Approve for UAT as-is (client accepts accounting variance), convert header-only, or permanently exclude from claims conversion?",CLIENT_DECISION_REQUIRED,phase24_client_balancing_rerun|phase25_uat_emit_refresh|phase26_client_business_review_packet
2026-06-16T14:11:35Z,PHASE26-CLIENT-BUSINESS-REVIEW-20260616T141135Z,N,UNBALANCED_DEATH_CLAIM,RC-9010763006-1-DEATH_CLAIM-C0-20231228,CLM0001148,9010763006,DEATH_CLAIM,20231228,SETTLED,0038|0094|0530|0630,90290.87,75274.48,60154.81,15119.67,75171.20,UNBALANCED,UNBALANCED,PARTIAL_PAYOUT_MULTI_PAYEE_OR_INCOMPLETE,Death claim remains unbalanced after client-authorized 2023/603703R dividend-on-deposit exclusion (Phase 24 rebalance).,"Approve for UAT as-is (client accepts accounting variance), convert header-only, or permanently exclude from claims conversion?",CLIENT_DECISION_REQUIRED,phase24_client_balancing_rerun|phase25_uat_emit_refresh|phase26_client_business_review_packet
2026-06-16T14:11:35Z,PHASE26-CLIENT-BUSINESS-REVIEW-20260616T141135Z,N,UNBALANCED_DEATH_CLAIM,RC-9010842291-1-DEATH_CLAIM-C0-20210915,CLM0002199,9010842291,DEATH_CLAIM,20210915,SETTLED,0038|0094|0530,50000.00,18337.29,31714.51,-13377.22,63377.22,UNBALANCED,UNBALANCED,PARTIAL_PAYOUT_MULTI_PAYEE_OR_INCOMPLETE,Death claim remains unbalanced after client-authorized 2023/603703R dividend-on-deposit exclusion (Phase 24 rebalance).,"Approve for UAT as-is (client accepts accounting variance), convert header-only, or permanently exclude from claims conversion?",CLIENT_DECISION_REQUIRED,phase24_client_balancing_rerun|phase25_uat_emit_refresh|phase26_client_business_review_packet
2026-06-16T14:11:35Z,PHASE26-CLIENT-BUSINESS-REVIEW-20260616T141135Z,N,UNBALANCED_DEATH_CLAIM,RC-9010741943-1-DEATH_CLAIM-C0-20250718,CLM0000914,9010741943,DEATH_CLAIM,20250718,SETTLED,0038|0094|0530,50000.00,39515.55,50030.48,-10514.93,60514.93,UNBALANCED,UNBALANCED,PARTIAL_PAYOUT_MULTI_PAYEE_OR_INCOMPLETE,Death claim remains unbalanced after client-authorized 2023/603703R dividend-on-deposit exclusion (Phase 24 rebalance).,"Approve for UAT as-is (client accepts accounting variance), convert header-only, or permanently exclude from claims conversion?",CLIENT_DECISION_REQUIRED,phase24_client_balancing_rerun|phase25_uat_emit_refresh|phase26_client_business_review_packet
2026-06-16T14:11:35Z,PHASE26-CLIENT-BUSINESS-REVIEW-20260616T141135Z,N,UNBALANCED_DEATH_CLAIM,RC-9011199527-1-DEATH_CLAIM-C0-20191010,CLM0004660,9011199527,DEATH_CLAIM,20191010,SETTLED,0038|0094|0530|0630,40007.78,20001.21,30269.42,-10268.21,50275.99,UNBALANCED,UNBALANCED,PARTIAL_PAYOUT_MULTI_PAYEE_OR_INCOMPLETE,Death claim remains unbalanced after client-authorized 2023/603703R dividend-on-deposit exclusion (Phase 24 rebalance).,"Approve for UAT as-is (client accepts accounting variance), convert header-only, or permanently exclude from claims conversion?",CLIENT_DECISION_REQUIRED,phase24_client_balancing_rerun|phase25_uat_emit_refresh|phase26_client_business_review_packet
2026-06-16T14:11:35Z,PHASE26-CLIENT-BUSINESS-REVIEW-20260616T141135Z,N,UNBALANCED_DEATH_CLAIM,RC-9010771662-1-DEATH_CLAIM-C0-20220923,CLM0001267,9010771662,DEATH_CLAIM,20220923,SETTLED,0038|0094|0530,46012.47,46125.62,46238.77,-113.15,46125.62,UNBALANCED,UNBALANCED,DIV_ON_DEP_EXCLUDED_STILL_VARIANCE,Death claim remains unbalanced after client-authorized 2023/603703R dividend-on-deposit exclusion (Phase 24 rebalance).,"Approve for UAT as-is (client accepts accounting variance), convert header-only, or permanently exclude from claims conversion?",CLIENT_DECISION_REQUIRED,phase24_client_balancing_rerun|phase25_uat_emit_refresh|phase26_client_business_review_packet
2026-06-16T14:11:35Z,PHASE26-CLIENT-BUSINESS-REVIEW-20260616T141135Z,N,UNBALANCED_DEATH_CLAIM,RC-9010941103-1-DEATH_CLAIM-C0-20211018,CLM0003011,9010941103,DEATH_CLAIM,20211018,FUNDED,0038|0530|0630,22866.91,0.00,22866.91,-22866.91,45733.82,UNBALANCED,UNBALANCED,PARTIAL_PAYOUT_MULTI_PAYEE_OR_INCOMPLETE,Death claim remains unbalanced after client-authorized 2023/603703R dividend-on-deposit exclusion (Phase 24 rebalance).,"Approve for UAT as-is (client accepts accounting variance), convert header-only, or permanently exclude from claims conversion?",CLIENT_DECISION_REQUIRED,phase24_client_balancing_rerun|phase25_uat_emit_refresh|phase26_client_business_review_packet
2026-06-16T14:11:35Z,PHASE26-CLIENT-BUSINESS-REVIEW-20260616T141135Z,N,UNBALANCED_DEATH_CLAIM,RC-9010771111-1-DEATH_CLAIM-C0-20200430,CLM0001251,9010771111,DEATH_CLAIM,20200430,SETTLED,0038|0094|0530,50000.00,29840.23,20159.77,9680.46,40319.54,UNBALANCED,UNBALANCED,PARTIAL_PAYOUT_MULTI_PAYEE_OR_INCOMPLETE,Death claim remains unbalanced after client-authorized 2023/603703R dividend-on-deposit exclusion (Phase 24 rebalance).,"Approve for UAT as-is (client accepts accounting variance), convert header-only, or permanently exclude from claims conversion?",CLIENT_DECISION_REQUIRED,phase24_client_balancing_rerun|phase25_uat_emit_refresh|phase26_client_business_review_packet
2026-06-16T14:11:35Z,PHASE26-CLIENT-BUSINESS-REVIEW-20260616T141135Z,N,UNBALANCED_DEATH_CLAIM,RC-9011217970-1-DEATH_CLAIM-C0-20190301,CLM0005027,9011217970,DEATH_CLAIM,20190301,SETTLED,0038|0094|0530,24000.00,7988.35,16034.95,-8046.60,32046.60,UNBALANCED,UNBALANCED,PARTIAL_PAYOUT_MULTI_PAYEE_OR_INCOMPLETE,Death claim remains unbalanced after client-authorized 2023/603703R dividend-on-deposit exclusion (Phase 24 rebalance).,"Approve for UAT as-is (client accepts accounting variance), convert header-only, or permanently exclude from claims conversion?",CLIENT_DECISION_REQUIRED,phase24_client_balancing_rerun|phase25_uat_emit_refresh|phase26_client_business_review_packet
2026-06-16T14:11:35Z,PHASE26-CLIENT-BUSINESS-REVIEW-20260616T141135Z,N,UNBALANCED_DEATH_CLAIM,RC-9010860472-1-DEATH_CLAIM-C0-20210129,CLM0002456,9010860472,DEATH_CLAIM,20210129,SETTLED,0038|0094|0530,50000.00,34257.45,15742.55,18514.90,31485.10,UNBALANCED,UNBALANCED,PARTIAL_PAYOUT_MULTI_PAYEE_OR_INCOMPLETE,Death claim remains unbalanced after client-authorized 2023/603703R dividend-on-deposit exclusion (Phase 24 rebalance).,"Approve for UAT as-is (client accepts accounting variance), convert header-only, or permanently exclude from claims conversion?",CLIENT_DECISION_REQUIRED,phase24_client_balancing_rerun|phase25_uat_emit_refresh|phase26_client_business_review_packet
2026-06-16T14:11:35Z,PHASE26-CLIENT-BUSINESS-REVIEW-20260616T141135Z,N,UNBALANCED_DEATH_CLAIM,RC-9010786152-1-DEATH_CLAIM-C0-20220428,CLM0001501,9010786152,DEATH_CLAIM,20220428,SETTLED,0038|0094|0530|0630,15853.08,3965.62,15848.64,-11883.02,27736.10,UNBALANCED,UNBALANCED,PARTIAL_PAYOUT_MULTI_PAYEE_OR_INCOMPLETE,Death claim remains unbalanced after client-authorized 2023/603703R dividend-on-deposit exclusion (Phase 24 rebalance).,"Approve for UAT as-is (client accepts accounting variance), convert header-only, or permanently exclude from claims conversion?",CLIENT_DECISION_REQUIRED,phase24_client_balancing_rerun|phase25_uat_emit_refresh|phase26_client_business_review_packet
2026-06-16T14:11:35Z,PHASE26-CLIENT-BUSINESS-REVIEW-20260616T141135Z,N,UNBALANCED_DEATH_CLAIM,RC-9011195139-1-DEATH_CLAIM-C0-20201011,CLM0004462,9011195139,DEATH_CLAIM,20201011,SETTLED,0038|0094|0530,20000.00,12738.05,20136.84,-7398.79,27398.79,UNBALANCED,UNBALANCED,PARTIAL_PAYOUT_MULTI_PAYEE_OR_INCOMPLETE,Death claim remains unbalanced after client-authorized 2023/603703R dividend-on-deposit exclusion (Phase 24 rebalance).,"Approve for UAT as-is (client accepts accounting variance), convert header-only, or permanently exclude from claims conversion?",CLIENT_DECISION_REQUIRED,phase24_client_balancing_rerun|phase25_uat_emit_refresh|phase26_client_business_review_packet
2026-06-16T14:11:35Z,PHASE26-CLIENT-BUSINESS-REVIEW-20260616T141135Z,N,UNBALANCED_DEATH_CLAIM,RC-9011208787-1-DEATH_CLAIM-C0-20210624,CLM0004901,9011208787,DEATH_CLAIM,20210624,SETTLED,0038|0094|0530,50000.00,36660.00,13509.77,23150.23,26849.77,UNBALANCED,UNBALANCED,PARTIAL_PAYOUT_MULTI_PAYEE_OR_INCOMPLETE,Death claim remains unbalanced after client-authorized 2023/603703R dividend-on-deposit exclusion (Phase 24 rebalance).,"Approve for UAT as-is (client accepts accounting variance), convert header-only, or permanently exclude from claims conversion?",CLIENT_DECISION_REQUIRED,phase24_client_balancing_rerun|phase25_uat_emit_refresh|phase26_client_business_review_packet
2026-06-16T14:11:35Z,PHASE26-CLIENT-BUSINESS-REVIEW-20260616T141135Z,N,UNBALANCED_DEATH_CLAIM,RC-9010891075-1-DEATH_CLAIM-C0-20220220,CLM0002662,9010891075,DEATH_CLAIM,20220220,SETTLED,0038|0094|0530,50000.00,36938.36,13294.46,23643.90,26356.10,UNBALANCED,UNBALANCED,PARTIAL_PAYOUT_MULTI_PAYEE_OR_INCOMPLETE,Death claim remains unbalanced after client-authorized 2023/603703R dividend-on-deposit exclusion (Phase 24 rebalance).,"Approve for UAT as-is (client accepts accounting variance), convert header-only, or permanently exclude from claims conversion?",CLIENT_DECISION_REQUIRED,phase24_client_balancing_rerun|phase25_uat_emit_refresh|phase26_client_business_review_packet
2026-06-16T14:11:35Z,PHASE26-CLIENT-BUSINESS-REVIEW-20260616T141135Z,N,UNBALANCED_DEATH_CLAIM,RC-9010875065-1-DEATH_CLAIM-C0-20230928,CLM0002557,9010875065,DEATH_CLAIM,20230928,SETTLED,0038|0094|0530,29673.92,16701.59,12972.33,3729.26,25944.66,UNBALANCED,UNBALANCED,PARTIAL_PAYOUT_MULTI_PAYEE_OR_INCOMPLETE,Death claim remains unbalanced after client-authorized 2023/603703R dividend-on-deposit exclusion (Phase 24 rebalance).,"Approve for UAT as-is (client accepts accounting variance), convert header-only, or permanently exclude from claims conversion?",CLIENT_DECISION_REQUIRED,phase24_client_balancing_rerun|phase25_uat_emit_refresh|phase26_client_business_review_packet
2026-06-16T14:11:35Z,PHASE26-CLIENT-BUSINESS-REVIEW-20260616T141135Z,N,UNBALANCED_DEATH_CLAIM,RC-9010905677-1-DEATH_CLAIM-C0-20221226,CLM0002811,9010905677,DEATH_CLAIM,20221226,FUNDED,0038|0530|0630,12338.60,0.00,12338.60,-12338.60,24677.20,UNBALANCED,UNBALANCED,PARTIAL_PAYOUT_MULTI_PAYEE_OR_INCOMPLETE,Death claim remains unbalanced after client-authorized 2023/603703R dividend-on-deposit exclusion (Phase 24 rebalance).,"Approve for UAT as-is (client accepts accounting variance), convert header-only, or permanently exclude from claims conversion?",CLIENT_DECISION_REQUIRED,phase24_client_balancing_rerun|phase25_uat_emit_refresh|phase26_client_business_review_packet
2026-06-16T14:11:35Z,PHASE26-CLIENT-BUSINESS-REVIEW-20260616T141135Z,N,UNBALANCED_DEATH_CLAIM,RC-9010395382-1-DEATH_CLAIM-C0-20240528,CLM0000117,9010395382,DEATH_CLAIM,20240528,SETTLED,0038|0094|0530,10511.00,4012.31,16293.69,-12281.38,22792.38,UNBALANCED,UNBALANCED,PARTIAL_PAYOUT_MULTI_PAYEE_OR_INCOMPLETE,Death claim remains unbalanced after client-authorized 2023/603703R dividend-on-deposit exclusion (Phase 24 rebalance).,"Approve for UAT as-is (client accepts accounting variance), convert header-only, or permanently exclude from claims conversion?",CLIENT_DECISION_REQUIRED,phase24_client_balancing_rerun|phase25_uat_emit_refresh|phase26_client_business_review_packet
2026-06-16T14:11:35Z,PHASE26-CLIENT-BUSINESS-REVIEW-20260616T141135Z,N,UNBALANCED_DEATH_CLAIM,RC-9011212602-1-DEATH_CLAIM-C0-20201022,CLM0004989,9011212602,DEATH_CLAIM,20201022,SETTLED,0038|0094|0530,25000.00,13665.61,11393.09,2272.52,22727.48,UNBALANCED,UNBALANCED,PARTIAL_PAYOUT_MULTI_PAYEE_OR_INCOMPLETE,Death claim remains unbalanced after client-authorized 2023/603703R dividend-on-deposit exclusion (Phase 24 rebalance).,"Approve for UAT as-is (client accepts accounting variance), convert header-only, or permanently exclude from claims conversion?",CLIENT_DECISION_REQUIRED,phase24_client_balancing_rerun|phase25_uat_emit_refresh|phase26_client_business_review_packet
2026-06-16T14:11:35Z,PHASE26-CLIENT-BUSINESS-REVIEW-20260616T141135Z,N,UNBALANCED_DEATH_CLAIM,RC-9010754964-1-DEATH_CLAIM-C0-20191105,CLM0001016,9010754964,DEATH_CLAIM,20191105,FUNDED,0038|0530,11287.98,0.00,11349.14,-11349.14,22637.12,UNBALANCED,UNBALANCED,PARTIAL_PAYOUT_MULTI_PAYEE_OR_INCOMPLETE,Death claim remains unbalanced after client-authorized 2023/603703R dividend-on-deposit exclusion (Phase 24 rebalance).,"Approve for UAT as-is (client accepts accounting variance), convert header-only, or permanently exclude from claims conversion?",CLIENT_DECISION_REQUIRED,phase24_client_balancing_rerun|phase25_uat_emit_refresh|phase26_client_business_review_packet
2026-06-16T14:11:35Z,PHASE26-CLIENT-BUSINESS-REVIEW-20260616T141135Z,N,UNBALANCED_DEATH_CLAIM,RC-9010936713-1-DEATH_CLAIM-C0-20200103,CLM0002971,9010936713,DEATH_CLAIM,20200103,FUNDED,0038|0530,10956.01,0.00,11280.45,-11280.45,22236.46,UNBALANCED,UNBALANCED,PARTIAL_PAYOUT_MULTI_PAYEE_OR_INCOMPLETE,Death claim remains unbalanced after client-authorized 2023/603703R dividend-on-deposit exclusion (Phase 24 rebalance).,"Approve for UAT as-is (client accepts accounting variance), convert header-only, or permanently exclude from claims conversion?",CLIENT_DECISION_REQUIRED,phase24_client_balancing_rerun|phase25_uat_emit_refresh|phase26_client_business_review_packet
2026-06-16T14:11:35Z,PHASE26-CLIENT-BUSINESS-REVIEW-20260616T141135Z,N,UNBALANCED_DEATH_CLAIM,RC-9011109994-1-DEATH_CLAIM-C0-20200305,CLM0003749,9011109994,DEATH_CLAIM,20200305,SETTLED,0038|0094|0530,17000.00,5963.99,11036.01,-5072.02,22072.02,UNBALANCED,UNBALANCED,PARTIAL_PAYOUT_MULTI_PAYEE_OR_INCOMPLETE,Death claim remains unbalanced after client-authorized 2023/603703R dividend-on-deposit exclusion (Phase 24 rebalance).,"Approve for UAT as-is (client accepts accounting variance), convert header-only, or permanently exclude from claims conversion?",CLIENT_DECISION_REQUIRED,phase24_client_balancing_rerun|phase25_uat_emit_refresh|phase26_client_business_review_packet
2026-06-16T14:11:35Z,PHASE26-CLIENT-BUSINESS-REVIEW-20260616T141135Z,N,UNBALANCED_DEATH_CLAIM,RC-9010834430-1-DEATH_CLAIM-C0-20181204,CLM0002101,9010834430,DEATH_CLAIM,20181204,SETTLED,0038|0094|0530,25000.00,14160.46,10906.16,3254.30,21745.70,UNBALANCED,UNBALANCED,PARTIAL_PAYOUT_MULTI_PAYEE_OR_INCOMPLETE,Death claim remains unbalanced after client-authorized 2023/603703R dividend-on-deposit exclusion (Phase 24 rebalance).,"Approve for UAT as-is (client accepts accounting variance), convert header-only, or permanently exclude from claims conversion?",CLIENT_DECISION_REQUIRED,phase24_client_balancing_rerun|phase25_uat_emit_refresh|phase26_client_business_review_packet
2026-06-16T14:11:35Z,PHASE26-CLIENT-BUSINESS-REVIEW-20260616T141135Z,N,UNBALANCED_DEATH_CLAIM,RC-9010417200-1-DEATH_CLAIM-C0-20200521,CLM0000218,9010417200,DEATH_CLAIM,20200521,SETTLED,0038|0094|0530|0630,10522.97,3283.18,13091.24,-9808.06,20331.03,UNBALANCED,UNBALANCED,PARTIAL_PAYOUT_MULTI_PAYEE_OR_INCOMPLETE,Death claim remains unbalanced after client-authorized 2023/603703R dividend-on-deposit exclusion (Phase 24 rebalance).,"Approve for UAT as-is (client accepts accounting variance), convert header-only, or permanently exclude from claims conversion?",CLIENT_DECISION_REQUIRED,phase24_client_balancing_rerun|phase25_uat_emit_refresh|phase26_client_business_review_packet
2026-06-16T14:11:35Z,PHASE26-CLIENT-BUSINESS-REVIEW-20260616T141135Z,N,UNBALANCED_DEATH_CLAIM,RC-9010761882-1-DEATH_CLAIM-C0-20200722,CLM0001129,9010761882,DEATH_CLAIM,20200722,SETTLED,0038|0094|0530,60000.00,60118.74,20415.59,39703.15,20296.85,UNBALANCED,UNBALANCED,DIV_ON_DEP_EXCLUDED_STILL_VARIANCE,Death claim remains unbalanced after client-authorized 2023/603703R dividend-on-deposit exclusion (Phase 24 rebalance).,"Approve for UAT as-is (client accepts accounting variance), convert header-only, or permanently exclude from claims conversion?",CLIENT_DECISION_REQUIRED,phase24_client_balancing_rerun|phase25_uat_emit_refresh|phase26_client_business_review_packet
2026-06-16T14:11:35Z,PHASE26-CLIENT-BUSINESS-REVIEW-20260616T141135Z,N,UNBALANCED_DEATH_CLAIM,RC-9010426657-1-DEATH_CLAIM-C0-20220923,CLM0000252,9010426657,DEATH_CLAIM,20220923,SETTLED,0038|0094|0530,7502.00,484.50,12882.41,-12397.91,19899.91,UNBALANCED,UNBALANCED,PARTIAL_PAYOUT_MULTI_PAYEE_OR_INCOMPLETE,Death claim remains unbalanced after client-authorized 2023/603703R dividend-on-deposit exclusion (Phase 24 rebalance).,"Approve for UAT as-is (client accepts accounting variance), convert header-only, or permanently exclude from claims conversion?",CLIENT_DECISION_REQUIRED,phase24_client_balancing_rerun|phase25_uat_emit_refresh|phase26_client_business_review_packet
2026-06-16T14:11:35Z,PHASE26-CLIENT-BUSINESS-REVIEW-20260616T141135Z,N,UNBALANCED_DEATH_CLAIM,RC-9010796554-1-DEATH_CLAIM-C0-20231120,CLM0001648,9010796554,DEATH_CLAIM,20231120,SETTLED,0038|0094|0530|0630,12579.44,6272.77,12593.01,-6320.24,18899.68,UNBALANCED,UNBALANCED,PARTIAL_PAYOUT_MULTI_PAYEE_OR_INCOMPLETE,Death claim remains unbalanced after client-authorized 2023/603703R dividend-on-deposit exclusion (Phase 24 rebalance).,"Approve for UAT as-is (client accepts accounting variance), convert header-only, or permanently exclude from claims conversion?",CLIENT_DECISION_REQUIRED,phase24_client_balancing_rerun|phase25_uat_emit_refresh|phase26_client_business_review_packet
2026-06-16T14:11:35Z,PHASE26-CLIENT-BUSINESS-REVIEW-20260616T141135Z,N,UNBALANCED_DEATH_CLAIM,RC-9010785049-1-DEATH_CLAIM-C0-20200503,CLM0001490,9010785049,DEATH_CLAIM,20200503,SETTLED,0038|0094|0530,25000.00,15651.06,9425.44,6225.62,18774.38,UNBALANCED,UNBALANCED,PARTIAL_PAYOUT_MULTI_PAYEE_OR_INCOMPLETE,Death claim remains unbalanced after client-authorized 2023/603703R dividend-on-deposit exclusion (Phase 24 rebalance).,"Approve for UAT as-is (client accepts accounting variance), convert header-only, or permanently exclude from claims conversion?",CLIENT_DECISION_REQUIRED,phase24_client_balancing_rerun|phase25_uat_emit_refresh|phase26_client_business_review_packet
2026-06-16T14:11:35Z,PHASE26-CLIENT-BUSINESS-REVIEW-20260616T141135Z,N,UNBALANCED_DEATH_CLAIM,RC-9010748300-1-DEATH_CLAIM-C0-20200327,CLM0000947,9010748300,DEATH_CLAIM,20200327,SETTLED,0038|0094|0530,25000.00,15977.88,9022.12,6955.76,18044.24,UNBALANCED,UNBALANCED,PARTIAL_PAYOUT_MULTI_PAYEE_OR_INCOMPLETE,Death claim remains unbalanced after client-authorized 2023/603703R dividend-on-deposit exclusion (Phase 24 rebalance).,"Approve for UAT as-is (client accepts accounting variance), convert header-only, or permanently exclude from claims conversion?",CLIENT_DECISION_REQUIRED,phase24_client_balancing_rerun|phase25_uat_emit_refresh|phase26_client_business_review_packet
2026-06-16T14:11:35Z,PHASE26-CLIENT-BUSINESS-REVIEW-20260616T141135Z,N,UNBALANCED_DEATH_CLAIM,RC-9011206462-1-DEATH_CLAIM-C0-20230114,CLM0004775,9011206462,DEATH_CLAIM,20230114,SETTLED,0038|0094|0530|0630,25157.38,17615.12,10130.74,7484.38,17673.00,UNBALANCED,UNBALANCED,PARTIAL_PAYOUT_MULTI_PAYEE_OR_INCOMPLETE,Death claim remains unbalanced after client-authorized 2023/603703R dividend-on-deposit exclusion (Phase 24 rebalance).,"Approve for UAT as-is (client accepts accounting variance), convert header-only, or permanently exclude from claims conversion?",CLIENT_DECISION_REQUIRED,phase24_client_balancing_rerun|phase25_uat_emit_refresh|phase26_client_business_review_packet
2026-06-16T14:11:35Z,PHASE26-CLIENT-BUSINESS-REVIEW-20260616T141135Z,N,UNBALANCED_DEATH_CLAIM,RC-9010771580-1-DEATH_CLAIM-C0-20220406,CLM0001265,9010771580,DEATH_CLAIM,20220406,SETTLED,0038|0094|0530|0630,20089.71,22575.70,20000.00,2575.70,17514.01,UNBALANCED,UNBALANCED,DIV_ON_DEP_EXCLUDED_STILL_VARIANCE,Death claim remains unbalanced after client-authorized 2023/603703R dividend-on-deposit exclusion (Phase 24 rebalance).,"Approve for UAT as-is (client accepts accounting variance), convert header-only, or permanently exclude from claims conversion?",CLIENT_DECISION_REQUIRED,phase24_client_balancing_rerun|phase25_uat_emit_refresh|phase26_client_business_review_packet
2026-06-16T14:11:35Z,PHASE26-CLIENT-BUSINESS-REVIEW-20260616T141135Z,N,UNBALANCED_DEATH_CLAIM,RC-9010749053-1-DEATH_CLAIM-C0-20220701,CLM0000952,9010749053,DEATH_CLAIM,20220701,SETTLED,0038|0094|0530,11978.17,3634.52,8372.95,-4738.43,16716.60,UNBALANCED,UNBALANCED,PARTIAL_PAYOUT_MULTI_PAYEE_OR_INCOMPLETE,Death claim remains unbalanced after client-authorized 2023/603703R dividend-on-deposit exclusion (Phase 24 rebalance).,"Approve for UAT as-is (client accepts accounting variance), convert header-only, or permanently exclude from claims conversion?",CLIENT_DECISION_REQUIRED,phase24_client_balancing_rerun|phase25_uat_emit_refresh|phase26_client_business_review_packet
2026-06-16T14:11:35Z,PHASE26-CLIENT-BUSINESS-REVIEW-20260616T141135Z,N,UNBALANCED_DEATH_CLAIM,RC-9010778299-1-DEATH_CLAIM-C0-20220904,CLM0001356,9010778299,DEATH_CLAIM,20220904,SETTLED,0038|0094|0530|0630,9006.69,1512.18,9127.06,-7614.88,16621.57,UNBALANCED,UNBALANCED,PARTIAL_PAYOUT_MULTI_PAYEE_OR_INCOMPLETE,Death claim remains unbalanced after client-authorized 2023/603703R dividend-on-deposit exclusion (Phase 24 rebalance).,"Approve for UAT as-is (client accepts accounting variance), convert header-only, or permanently exclude from claims conversion?",CLIENT_DECISION_REQUIRED,phase24_client_balancing_rerun|phase25_uat_emit_refresh|phase26_client_business_review_packet
2026-06-16T14:11:35Z,PHASE26-CLIENT-BUSINESS-REVIEW-20260616T141135Z,N,UNBALANCED_DEATH_CLAIM,RC-9011185059-1-DEATH_CLAIM-C0-20250721,CLM0004248,9011185059,DEATH_CLAIM,20250721,SETTLED,0038|0094|0530,25000.00,16790.37,8225.53,8564.84,16435.16,UNBALANCED,UNBALANCED,PARTIAL_PAYOUT_MULTI_PAYEE_OR_INCOMPLETE,Death claim remains unbalanced after client-authorized 2023/603703R dividend-on-deposit exclusion (Phase 24 rebalance).,"Approve for UAT as-is (client accepts accounting variance), convert header-only, or permanently exclude from claims conversion?",CLIENT_DECISION_REQUIRED,phase24_client_balancing_rerun|phase25_uat_emit_refresh|phase26_client_business_review_packet
2026-06-16T14:11:35Z,PHASE26-CLIENT-BUSINESS-REVIEW-20260616T141135Z,N,UNBALANCED_DEATH_CLAIM,RC-9011200251-1-DEATH_CLAIM-C1-20201022,CLM0004707,9011200251,DEATH_CLAIM,20201022,SETTLED,0038|0094|0530,16129.96,8129.96,8259.92,-129.96,16259.92,UNBALANCED,UNBALANCED,PARTIAL_PAYOUT_MULTI_PAYEE_OR_INCOMPLETE,Death claim remains unbalanced after client-authorized 2023/603703R dividend-on-deposit exclusion (Phase 24 rebalance).,"Approve for UAT as-is (client accepts accounting variance), convert header-only, or permanently exclude from claims conversion?",CLIENT_DECISION_REQUIRED,phase24_client_balancing_rerun|phase25_uat_emit_refresh|phase26_client_business_review_packet
2026-06-16T14:11:35Z,PHASE26-CLIENT-BUSINESS-REVIEW-20260616T141135Z,N,UNBALANCED_DEATH_CLAIM,RC-9010803025-1-DEATH_CLAIM-C0-20211027,CLM0001684,9010803025,DEATH_CLAIM,20211027,SETTLED,0038|0094|0530,25000.00,17499.78,7897.14,9602.64,15397.36,UNBALANCED,UNBALANCED,PARTIAL_PAYOUT_MULTI_PAYEE_OR_INCOMPLETE,Death claim remains unbalanced after client-authorized 2023/603703R dividend-on-deposit exclusion (Phase 24 rebalance).,"Approve for UAT as-is (client accepts accounting variance), convert header-only, or permanently exclude from claims conversion?",CLIENT_DECISION_REQUIRED,phase24_client_balancing_rerun|phase25_uat_emit_refresh|phase26_client_business_review_packet
2026-06-16T14:11:35Z,PHASE26-CLIENT-BUSINESS-REVIEW-20260616T141135Z,N,UNBALANCED_DEATH_CLAIM,RC-9011153243-1-DEATH_CLAIM-C0-20191208,CLM0004034,9011153243,DEATH_CLAIM,20191208,SETTLED,0038|0094|0530,9652.50,4669.56,9722.50,-5052.94,14705.44,UNBALANCED,UNBALANCED,PARTIAL_PAYOUT_MULTI_PAYEE_OR_INCOMPLETE,Death claim remains unbalanced after client-authorized 2023/603703R dividend-on-deposit exclusion (Phase 24 rebalance).,"Approve for UAT as-is (client accepts accounting variance), convert header-only, or permanently exclude from claims conversion?",CLIENT_DECISION_REQUIRED,phase24_client_balancing_rerun|phase25_uat_emit_refresh|phase26_client_business_review_packet
2026-06-16T14:11:35Z,PHASE26-CLIENT-BUSINESS-REVIEW-20260616T141135Z,N,UNBALANCED_DEATH_CLAIM,RC-9010837522-1-DEATH_CLAIM-C0-20180414,CLM0002136,9010837522,DEATH_CLAIM,20180414,FUNDED,0038|0530,7305.39,0.00,7305.39,-7305.39,14610.78,UNBALANCED,UNBALANCED,PARTIAL_PAYOUT_MULTI_PAYEE_OR_INCOMPLETE,Death claim remains unbalanced after client-authorized 2023/603703R dividend-on-deposit exclusion (Phase 24 rebalance).,"Approve for UAT as-is (client accepts accounting variance), convert header-only, or permanently exclude from claims conversion?",CLIENT_DECISION_REQUIRED,phase24_client_balancing_rerun|phase25_uat_emit_refresh|phase26_client_business_review_packet
2026-06-16T14:11:35Z,PHASE26-CLIENT-BUSINESS-REVIEW-20260616T141135Z,N,UNBALANCED_DEATH_CLAIM,RC-9010860471-1-DEATH_CLAIM-C0-20231207,CLM0002447,9010860471,DEATH_CLAIM,20231207,SETTLED,0038|0094|0530,25000.00,18257.80,6780.10,11477.70,13522.30,UNBALANCED,UNBALANCED,PARTIAL_PAYOUT_MULTI_PAYEE_OR_INCOMPLETE,Death claim remains unbalanced after client-authorized 2023/603703R dividend-on-deposit exclusion (Phase 24 rebalance).,"Approve for UAT as-is (client accepts accounting variance), convert header-only, or permanently exclude from claims conversion?",CLIENT_DECISION_REQUIRED,phase24_client_balancing_rerun|phase25_uat_emit_refresh|phase26_client_business_review_packet
2026-06-16T14:11:35Z,PHASE26-CLIENT-BUSINESS-REVIEW-20260616T141135Z,N,UNBALANCED_DEATH_CLAIM,RC-9010486919-1-DEATH_CLAIM-C0-20250602,CLM0000622,9010486919,DEATH_CLAIM,20250602,SETTLED,0038|0094|0530|0630,6115.72,1363.61,8725.88,-7362.27,13477.99,UNBALANCED,UNBALANCED,PARTIAL_PAYOUT_MULTI_PAYEE_OR_INCOMPLETE,Death claim remains unbalanced after client-authorized 2023/603703R dividend-on-deposit exclusion (Phase 24 rebalance).,"Approve for UAT as-is (client accepts accounting variance), convert header-only, or permanently exclude from claims conversion?",CLIENT_DECISION_REQUIRED,phase24_client_balancing_rerun|phase25_uat_emit_refresh|phase26_client_business_review_packet
2026-06-16T14:11:35Z,PHASE26-CLIENT-BUSINESS-REVIEW-20260616T141135Z,N,UNBALANCED_DEATH_CLAIM,RC-9010425720-1-DEATH_CLAIM-C0-20201105,CLM0000234,9010425720,DEATH_CLAIM,20201105,SETTLED,0038|0094|0530,6225.00,1918.99,8451.13,-6532.14,12757.14,UNBALANCED,UNBALANCED,PARTIAL_PAYOUT_MULTI_PAYEE_OR_INCOMPLETE,Death claim remains unbalanced after client-authorized 2023/603703R dividend-on-deposit exclusion (Phase 24 rebalance).,"Approve for UAT as-is (client accepts accounting variance), convert header-only, or permanently exclude from claims conversion?",CLIENT_DECISION_REQUIRED,phase24_client_balancing_rerun|phase25_uat_emit_refresh|phase26_client_business_review_packet
2026-06-16T14:11:35Z,PHASE26-CLIENT-BUSINESS-REVIEW-20260616T141135Z,N,UNBALANCED_DEATH_CLAIM,RC-9011078262-1-DEATH_CLAIM-C0-20200814,CLM0003503,9011078262,DEATH_CLAIM,20200814,SETTLED,0038|0094|0530,10000.00,7671.87,10036.84,-2364.97,12364.97,UNBALANCED,UNBALANCED,PARTIAL_PAYOUT_MULTI_PAYEE_OR_INCOMPLETE,Death claim remains unbalanced after client-authorized 2023/603703R dividend-on-deposit exclusion (Phase 24 rebalance).,"Approve for UAT as-is (client accepts accounting variance), convert header-only, or permanently exclude from claims conversion?",CLIENT_DECISION_REQUIRED,phase24_client_balancing_rerun|phase25_uat_emit_refresh|phase26_client_business_review_packet
2026-06-16T14:11:35Z,PHASE26-CLIENT-BUSINESS-REVIEW-20260616T141135Z,N,UNBALANCED_DEATH_CLAIM,RC-9010469430-1-DEATH_CLAIM-C0-20210130,CLM0000557,9010469430,DEATH_CLAIM,20210130,FUNDED,0038|0530,5000.00,0.00,5840.33,-5840.33,10840.33,UNBALANCED,UNBALANCED,PARTIAL_PAYOUT_MULTI_PAYEE_OR_INCOMPLETE,Death claim remains unbalanced after client-authorized 2023/603703R dividend-on-deposit exclusion (Phase 24 rebalance).,"Approve for UAT as-is (client accepts accounting variance), convert header-only, or permanently exclude from claims conversion?",CLIENT_DECISION_REQUIRED,phase24_client_balancing_rerun|phase25_uat_emit_refresh|phase26_client_business_review_packet
2026-06-16T14:11:35Z,PHASE26-CLIENT-BUSINESS-REVIEW-20260616T141135Z,N,UNBALANCED_DEATH_CLAIM,RC-9011257043-1-DEATH_CLAIM-C0-20201115,CLM0005240,9011257043,DEATH_CLAIM,20201115,SETTLED,0038|0094|0530|0630,15007.30,9684.13,5473.71,4210.42,10796.88,UNBALANCED,UNBALANCED,PARTIAL_PAYOUT_MULTI_PAYEE_OR_INCOMPLETE,Death claim remains unbalanced after client-authorized 2023/603703R dividend-on-deposit exclusion (Phase 24 rebalance).,"Approve for UAT as-is (client accepts accounting variance), convert header-only, or permanently exclude from claims conversion?",CLIENT_DECISION_REQUIRED,phase24_client_balancing_rerun|phase25_uat_emit_refresh|phase26_client_business_review_packet
2026-06-16T14:11:35Z,PHASE26-CLIENT-BUSINESS-REVIEW-20260616T141135Z,N,UNBALANCED_DEATH_CLAIM,RC-9010811204-1-DEATH_CLAIM-C0-20230824,CLM0001820,9010811204,DEATH_CLAIM,20230824,SETTLED,0038|0094|0530,25000.00,19623.04,5391.64,14231.40,10768.60,UNBALANCED,UNBALANCED,PARTIAL_PAYOUT_MULTI_PAYEE_OR_INCOMPLETE,Death claim remains unbalanced after client-authorized 2023/603703R dividend-on-deposit exclusion (Phase 24 rebalance).,"Approve for UAT as-is (client accepts accounting variance), convert header-only, or permanently exclude from claims conversion?",CLIENT_DECISION_REQUIRED,phase24_client_balancing_rerun|phase25_uat_emit_refresh|phase26_client_business_review_packet
2026-06-16T14:11:35Z,PHASE26-CLIENT-BUSINESS-REVIEW-20260616T141135Z,N,UNBALANCED_DEATH_CLAIM,RC-9011194768-1-DEATH_CLAIM-C0-20210415,CLM0004452,9011194768,DEATH_CLAIM,20210415,SETTLED,0038|0094|0530,50000.00,45216.44,5279.66,39936.78,10063.22,UNBALANCED,UNBALANCED,PARTIAL_PAYOUT_MULTI_PAYEE_OR_INCOMPLETE,Death claim remains unbalanced after client-authorized 2023/603703R dividend-on-deposit exclusion (Phase 24 rebalance).,"Approve for UAT as-is (client accepts accounting variance), convert header-only, or permanently exclude from claims conversion?",CLIENT_DECISION_REQUIRED,phase24_client_balancing_rerun|phase25_uat_emit_refresh|phase26_client_business_review_packet
2026-06-16T14:11:35Z,PHASE26-CLIENT-BUSINESS-REVIEW-20260616T141135Z,N,UNBALANCED_DEATH_CLAIM,RC-9010478285-1-DEATH_CLAIM-C0-20200405,CLM0000617,9010478285,DEATH_CLAIM,20200405,SETTLED,0038|0094|0530|0630,9637.96,8066.76,7908.59,158.17,9479.79,UNBALANCED,UNBALANCED,PARTIAL_PAYOUT_MULTI_PAYEE_OR_INCOMPLETE,Death claim remains unbalanced after client-authorized 2023/603703R dividend-on-deposit exclusion (Phase 24 rebalance).,"Approve for UAT as-is (client accepts accounting variance), convert header-only, or permanently exclude from claims conversion?",CLIENT_DECISION_REQUIRED,phase24_client_balancing_rerun|phase25_uat_emit_refresh|phase26_client_business_review_packet
2026-06-16T14:11:35Z,PHASE26-CLIENT-BUSINESS-REVIEW-20260616T141135Z,N,UNBALANCED_DEATH_CLAIM,RC-9010731970-1-DEATH_CLAIM-C0-20220829,CLM0000877,9010731970,DEATH_CLAIM,20220829,SETTLED,0038|0094|0530,25000.00,20424.82,4586.76,15838.06,9161.94,UNBALANCED,UNBALANCED,PARTIAL_PAYOUT_MULTI_PAYEE_OR_INCOMPLETE,Death claim remains unbalanced after client-authorized 2023/603703R dividend-on-deposit exclusion (Phase 24 rebalance).,"Approve for UAT as-is (client accepts accounting variance), convert header-only, or permanently exclude from claims conversion?",CLIENT_DECISION_REQUIRED,phase24_client_balancing_rerun|phase25_uat_emit_refresh|phase26_client_business_review_packet
2026-06-16T14:11:35Z,PHASE26-CLIENT-BUSINESS-REVIEW-20260616T141135Z,N,UNBALANCED_DEATH_CLAIM,RC-9011105839-1-DEATH_CLAIM-C0-20190424,CLM0003711,9011105839,DEATH_CLAIM,20190424,SETTLED,0038|0094|0530,8000.00,3780.33,4271.01,-490.68,8490.68,UNBALANCED,UNBALANCED,PARTIAL_PAYOUT_MULTI_PAYEE_OR_INCOMPLETE,Death claim remains unbalanced after client-authorized 2023/603703R dividend-on-deposit exclusion (Phase 24 rebalance).,"Approve for UAT as-is (client accepts accounting variance), convert header-only, or permanently exclude from claims conversion?",CLIENT_DECISION_REQUIRED,phase24_client_balancing_rerun|phase25_uat_emit_refresh|phase26_client_business_review_packet
2026-06-16T14:11:35Z,PHASE26-CLIENT-BUSINESS-REVIEW-20260616T141135Z,N,UNBALANCED_DEATH_CLAIM,RC-9010863788-1-DEATH_CLAIM-C0-20250905,CLM0002465,9010863788,DEATH_CLAIM,20250905,SETTLED,0038|0094|0530,34564.33,30627.74,4013.17,26614.57,7949.76,UNBALANCED,UNBALANCED,PARTIAL_PAYOUT_MULTI_PAYEE_OR_INCOMPLETE,Death claim remains unbalanced after client-authorized 2023/603703R dividend-on-deposit exclusion (Phase 24 rebalance).,"Approve for UAT as-is (client accepts accounting variance), convert header-only, or permanently exclude from claims conversion?",CLIENT_DECISION_REQUIRED,phase24_client_balancing_rerun|phase25_uat_emit_refresh|phase26_client_business_review_packet
2026-06-16T14:11:35Z,PHASE26-CLIENT-BUSINESS-REVIEW-20260616T141135Z,N,UNBALANCED_DEATH_CLAIM,RC-9010750813-1-DEATH_CLAIM-C0-20180629,CLM0000990,9010750813,DEATH_CLAIM,20180629,SETTLED,0038|0094|0530|0630,5001.00,1071.77,4002.13,-2930.36,7931.36,UNBALANCED,UNBALANCED,PARTIAL_PAYOUT_MULTI_PAYEE_OR_INCOMPLETE,Death claim remains unbalanced after client-authorized 2023/603703R dividend-on-deposit exclusion (Phase 24 rebalance).,"Approve for UAT as-is (client accepts accounting variance), convert header-only, or permanently exclude from claims conversion?",CLIENT_DECISION_REQUIRED,phase24_client_balancing_rerun|phase25_uat_emit_refresh|phase26_client_business_review_packet
2026-06-16T14:11:35Z,PHASE26-CLIENT-BUSINESS-REVIEW-20260616T141135Z,N,UNBALANCED_DEATH_CLAIM,RC-9011235627-1-DEATH_CLAIM-C0-20180217,CLM0005148,9011235627,DEATH_CLAIM,20180217,SETTLED,0038|0094|0530,16000.00,12155.58,3988.12,8167.46,7832.54,UNBALANCED,UNBALANCED,PARTIAL_PAYOUT_MULTI_PAYEE_OR_INCOMPLETE,Death claim remains unbalanced after client-authorized 2023/603703R dividend-on-deposit exclusion (Phase 24 rebalance).,"Approve for UAT as-is (client accepts accounting variance), convert header-only, or permanently exclude from claims conversion?",CLIENT_DECISION_REQUIRED,phase24_client_balancing_rerun|phase25_uat_emit_refresh|phase26_client_business_review_packet
2026-06-16T14:11:35Z,PHASE26-CLIENT-BUSINESS-REVIEW-20260616T141135Z,N,UNBALANCED_DEATH_CLAIM,RC-9011136476-1-DEATH_CLAIM-C0-20181108,CLM0003889,9011136476,DEATH_CLAIM,20181108,SETTLED,0038|0094|0530,5000.00,1116.83,3938.93,-2822.10,7822.10,UNBALANCED,UNBALANCED,PARTIAL_PAYOUT_MULTI_PAYEE_OR_INCOMPLETE,Death claim remains unbalanced after client-authorized 2023/603703R dividend-on-deposit exclusion (Phase 24 rebalance).,"Approve for UAT as-is (client accepts accounting variance), convert header-only, or permanently exclude from claims conversion?",CLIENT_DECISION_REQUIRED,phase24_client_balancing_rerun|phase25_uat_emit_refresh|phase26_client_business_review_packet
2026-06-16T14:11:35Z,PHASE26-CLIENT-BUSINESS-REVIEW-20260616T141135Z,N,UNBALANCED_DEATH_CLAIM,RC-9011193674-1-DEATH_CLAIM-C0-20191014,CLM0004430,9011193674,DEATH_CLAIM,20191014,SETTLED,0038|0094|0530,5000.00,2275.94,5057.78,-2781.84,7781.84,UNBALANCED,UNBALANCED,PARTIAL_PAYOUT_MULTI_PAYEE_OR_INCOMPLETE,Death claim remains unbalanced after client-authorized 2023/603703R dividend-on-deposit exclusion (Phase 24 rebalance).,"Approve for UAT as-is (client accepts accounting variance), convert header-only, or permanently exclude from claims conversion?",CLIENT_DECISION_REQUIRED,phase24_client_balancing_rerun|phase25_uat_emit_refresh|phase26_client_business_review_packet
2026-06-16T14:11:35Z,PHASE26-CLIENT-BUSINESS-REVIEW-20260616T141135Z,N,UNBALANCED_DEATH_CLAIM,RC-9011257022-1-DEATH_CLAIM-C0-20200526,CLM0005236,9011257022,DEATH_CLAIM,20200526,SETTLED,0038|0094|0530,15000.00,11415.05,3604.41,7810.64,7189.36,UNBALANCED,UNBALANCED,PARTIAL_PAYOUT_MULTI_PAYEE_OR_INCOMPLETE,Death claim remains unbalanced after client-authorized 2023/603703R dividend-on-deposit exclusion (Phase 24 rebalance).,"Approve for UAT as-is (client accepts accounting variance), convert header-only, or permanently exclude from claims conversion?",CLIENT_DECISION_REQUIRED,phase24_client_balancing_rerun|phase25_uat_emit_refresh|phase26_client_business_review_packet
2026-06-16T14:11:35Z,PHASE26-CLIENT-BUSINESS-REVIEW-20260616T141135Z,N,UNBALANCED_DEATH_CLAIM,RC-9011273881-1-DEATH_CLAIM-C0-20250202,CLM0005382,9011273881,DEATH_CLAIM,20250202,SETTLED,0038|0094|0530|0630,15042.21,11505.55,3575.44,7930.11,7112.10,UNBALANCED,UNBALANCED,PARTIAL_PAYOUT_MULTI_PAYEE_OR_INCOMPLETE,Death claim remains unbalanced after client-authorized 2023/603703R dividend-on-deposit exclusion (Phase 24 rebalance).,"Approve for UAT as-is (client accepts accounting variance), convert header-only, or permanently exclude from claims conversion?",CLIENT_DECISION_REQUIRED,phase24_client_balancing_rerun|phase25_uat_emit_refresh|phase26_client_business_review_packet
2026-06-16T14:11:35Z,PHASE26-CLIENT-BUSINESS-REVIEW-20260616T141135Z,N,UNBALANCED_DEATH_CLAIM,RC-9011273882-1-DEATH_CLAIM-C0-20230413,CLM0005391,9011273882,DEATH_CLAIM,20230413,SETTLED,0038|0094|0530|0630,15075.07,11580.89,3497.84,8083.05,6992.02,UNBALANCED,UNBALANCED,PARTIAL_PAYOUT_MULTI_PAYEE_OR_INCOMPLETE,Death claim remains unbalanced after client-authorized 2023/603703R dividend-on-deposit exclusion (Phase 24 rebalance).,"Approve for UAT as-is (client accepts accounting variance), convert header-only, or permanently exclude from claims conversion?",CLIENT_DECISION_REQUIRED,phase24_client_balancing_rerun|phase25_uat_emit_refresh|phase26_client_business_review_packet
2026-06-16T14:11:35Z,PHASE26-CLIENT-BUSINESS-REVIEW-20260616T141135Z,N,UNBALANCED_DEATH_CLAIM,RC-9011262631-1-DEATH_CLAIM-C0-20201126,CLM0005278,9011262631,DEATH_CLAIM,20201126,SETTLED,0038|0094|0530|0630,15037.58,11746.31,3342.15,8404.16,6633.42,UNBALANCED,UNBALANCED,PARTIAL_PAYOUT_MULTI_PAYEE_OR_INCOMPLETE,Death claim remains unbalanced after client-authorized 2023/603703R dividend-on-deposit exclusion (Phase 24 rebalance).,"Approve for UAT as-is (client accepts accounting variance), convert header-only, or permanently exclude from claims conversion?",CLIENT_DECISION_REQUIRED,phase24_client_balancing_rerun|phase25_uat_emit_refresh|phase26_client_business_review_packet
2026-06-16T14:11:35Z,PHASE26-CLIENT-BUSINESS-REVIEW-20260616T141135Z,N,UNBALANCED_DEATH_CLAIM,RC-9011114096-1-DEATH_CLAIM-C0-20220520,CLM0003772,9011114096,DEATH_CLAIM,20220520,SETTLED,0038|0094|0530,10000.00,6755.54,3308.92,3446.62,6553.38,UNBALANCED,UNBALANCED,PARTIAL_PAYOUT_MULTI_PAYEE_OR_INCOMPLETE,Death claim remains unbalanced after client-authorized 2023/603703R dividend-on-deposit exclusion (Phase 24 rebalance).,"Approve for UAT as-is (client accepts accounting variance), convert header-only, or permanently exclude from claims conversion?",CLIENT_DECISION_REQUIRED,phase24_client_balancing_rerun|phase25_uat_emit_refresh|phase26_client_business_review_packet
2026-06-16T14:11:35Z,PHASE26-CLIENT-BUSINESS-REVIEW-20260616T141135Z,N,UNBALANCED_DEATH_CLAIM,RC-9011187300-1-DEATH_CLAIM-C0-20190625,CLM0004292,9011187300,DEATH_CLAIM,20190625,SETTLED,0038|0094|0530,10000.00,6913.03,3156.57,3756.46,6243.54,UNBALANCED,UNBALANCED,PARTIAL_PAYOUT_MULTI_PAYEE_OR_INCOMPLETE,Death claim remains unbalanced after client-authorized 2023/603703R dividend-on-deposit exclusion (Phase 24 rebalance).,"Approve for UAT as-is (client accepts accounting variance), convert header-only, or permanently exclude from claims conversion?",CLIENT_DECISION_REQUIRED,phase24_client_balancing_rerun|phase25_uat_emit_refresh|phase26_client_business_review_packet
2026-06-16T14:11:35Z,PHASE26-CLIENT-BUSINESS-REVIEW-20260616T141135Z,N,UNBALANCED_DEATH_CLAIM,RC-9011181080-1-DEATH_CLAIM-C0-20240708,CLM0004199,9011181080,DEATH_CLAIM,20240708,SETTLED,0038|0094|0530|0630,5008.84,1918.83,3139.31,-1220.48,6229.32,UNBALANCED,UNBALANCED,PARTIAL_PAYOUT_MULTI_PAYEE_OR_INCOMPLETE,Death claim remains unbalanced after client-authorized 2023/603703R dividend-on-deposit exclusion (Phase 24 rebalance).,"Approve for UAT as-is (client accepts accounting variance), convert header-only, or permanently exclude from claims conversion?",CLIENT_DECISION_REQUIRED,phase24_client_balancing_rerun|phase25_uat_emit_refresh|phase26_client_business_review_packet
2026-06-16T14:11:35Z,PHASE26-CLIENT-BUSINESS-REVIEW-20260616T141135Z,N,UNBALANCED_DEATH_CLAIM,RC-9010851148-1-DEATH_CLAIM-C0-20240519,CLM0002309,9010851148,DEATH_CLAIM,20240519,SETTLED,0038|0094|0530|0630,50251.33,47407.10,3232.97,44174.13,6077.20,UNBALANCED,UNBALANCED,PARTIAL_PAYOUT_MULTI_PAYEE_OR_INCOMPLETE,Death claim remains unbalanced after client-authorized 2023/603703R dividend-on-deposit exclusion (Phase 24 rebalance).,"Approve for UAT as-is (client accepts accounting variance), convert header-only, or permanently exclude from claims conversion?",CLIENT_DECISION_REQUIRED,phase24_client_balancing_rerun|phase25_uat_emit_refresh|phase26_client_business_review_packet
2026-06-16T14:11:35Z,PHASE26-CLIENT-BUSINESS-REVIEW-20260616T141135Z,N,UNBALANCED_DEATH_CLAIM,RC-9011191513-1-DEATH_CLAIM-C0-20180410,CLM0004382,9011191513,DEATH_CLAIM,20180410,SETTLED,0038|0094|0530|0630,5001.75,2060.34,2978.79,-918.45,5920.20,UNBALANCED,UNBALANCED,PARTIAL_PAYOUT_MULTI_PAYEE_OR_INCOMPLETE,Death claim remains unbalanced after client-authorized 2023/603703R dividend-on-deposit exclusion (Phase 24 rebalance).,"Approve for UAT as-is (client accepts accounting variance), convert header-only, or permanently exclude from claims conversion?",CLIENT_DECISION_REQUIRED,phase24_client_balancing_rerun|phase25_uat_emit_refresh|phase26_client_business_review_packet
2026-06-16T14:11:35Z,PHASE26-CLIENT-BUSINESS-REVIEW-20260616T141135Z,N,UNBALANCED_DEATH_CLAIM,RC-9010476803-1-DEATH_CLAIM-C0-20180107,CLM0000587,9010476803,DEATH_CLAIM,20180107,SETTLED,0038|0094|0530|0630,5791.48,4859.27,4982.68,-123.41,5914.89,UNBALANCED,UNBALANCED,PARTIAL_PAYOUT_MULTI_PAYEE_OR_INCOMPLETE,Death claim remains unbalanced after client-authorized 2023/603703R dividend-on-deposit exclusion (Phase 24 rebalance).,"Approve for UAT as-is (client accepts accounting variance), convert header-only, or permanently exclude from claims conversion?",CLIENT_DECISION_REQUIRED,phase24_client_balancing_rerun|phase25_uat_emit_refresh|phase26_client_business_review_packet
2026-06-16T14:11:35Z,PHASE26-CLIENT-BUSINESS-REVIEW-20260616T141135Z,N,UNBALANCED_DEATH_CLAIM,RC-9010486964-1-DEATH_CLAIM-C0-20220313,CLM0000639,9010486964,DEATH_CLAIM,20220313,SETTLED,0038|0094|0530|0630,6854.97,5636.74,4587.38,1049.36,5805.61,UNBALANCED,UNBALANCED,PARTIAL_PAYOUT_MULTI_PAYEE_OR_INCOMPLETE,Death claim remains unbalanced after client-authorized 2023/603703R dividend-on-deposit exclusion (Phase 24 rebalance).,"Approve for UAT as-is (client accepts accounting variance), convert header-only, or permanently exclude from claims conversion?",CLIENT_DECISION_REQUIRED,phase24_client_balancing_rerun|phase25_uat_emit_refresh|phase26_client_business_review_packet
2026-06-16T14:11:35Z,PHASE26-CLIENT-BUSINESS-REVIEW-20260616T141135Z,N,UNBALANCED_DEATH_CLAIM,RC-901ML8570-1-DEATH_CLAIM-C0-20181101,CLM0005464,901ML8570,DEATH_CLAIM,20181101,SETTLED,0038|0094|0530|0630,28.22,2835.72,8189.21,-5353.49,5381.71,UNBALANCED,UNBALANCED,DIV_ON_DEP_EXCLUDED_STILL_VARIANCE,Death claim remains unbalanced after client-authorized 2023/603703R dividend-on-deposit exclusion (Phase 24 rebalance).,"Approve for UAT as-is (client accepts accounting variance), convert header-only, or permanently exclude from claims conversion?",CLIENT_DECISION_REQUIRED,phase24_client_balancing_rerun|phase25_uat_emit_refresh|phase26_client_business_review_packet
2026-06-16T14:11:35Z,PHASE26-CLIENT-BUSINESS-REVIEW-20260616T141135Z,N,UNBALANCED_DEATH_CLAIM,RC-9011175485-1-DEATH_CLAIM-C0-20200325,CLM0004144,9011175485,DEATH_CLAIM,20200325,SETTLED,0038|0094|0530,5000.00,4800.86,5038.44,-237.58,5237.58,UNBALANCED,UNBALANCED,PARTIAL_PAYOUT_MULTI_PAYEE_OR_INCOMPLETE,Death claim remains unbalanced after client-authorized 2023/603703R dividend-on-deposit exclusion (Phase 24 rebalance).,"Approve for UAT as-is (client accepts accounting variance), convert header-only, or permanently exclude from claims conversion?",CLIENT_DECISION_REQUIRED,phase24_client_balancing_rerun|phase25_uat_emit_refresh|phase26_client_business_review_packet
2026-06-16T14:11:35Z,PHASE26-CLIENT-BUSINESS-REVIEW-20260616T141135Z,N,UNBALANCED_DEATH_CLAIM,RC-9011152459-1-DEATH_CLAIM-C0-20231004,CLM0004021,9011152459,DEATH_CLAIM,20231004,SETTLED,0038|0094|0530,5000.00,2403.32,2638.42,-235.10,5235.10,UNBALANCED,UNBALANCED,PARTIAL_PAYOUT_MULTI_PAYEE_OR_INCOMPLETE,Death claim remains unbalanced after client-authorized 2023/603703R dividend-on-deposit exclusion (Phase 24 rebalance).,"Approve for UAT as-is (client accepts accounting variance), convert header-only, or permanently exclude from claims conversion?",CLIENT_DECISION_REQUIRED,phase24_client_balancing_rerun|phase25_uat_emit_refresh|phase26_client_business_review_packet
2026-06-16T14:11:35Z,PHASE26-CLIENT-BUSINESS-REVIEW-20260616T141135Z,N,UNBALANCED_DEATH_CLAIM,RC-9010446852-1-DEATH_CLAIM-C0-20251222,CLM0000400,9010446852,DEATH_CLAIM,20251222,SETTLED,0038|0094|0530|0630,6061.48,6242.53,5347.60,894.93,5166.55,UNBALANCED,UNBALANCED,DIV_ON_DEP_EXCLUDED_STILL_VARIANCE,Death claim remains unbalanced after client-authorized 2023/603703R dividend-on-deposit exclusion (Phase 24 rebalance).,"Approve for UAT as-is (client accepts accounting variance), convert header-only, or permanently exclude from claims conversion?",CLIENT_DECISION_REQUIRED,phase24_client_balancing_rerun|phase25_uat_emit_refresh|phase26_client_business_review_packet
2026-06-16T14:11:35Z,PHASE26-CLIENT-BUSINESS-REVIEW-20260616T141135Z,N,UNBALANCED_DEATH_CLAIM,RC-9010834689-1-DEATH_CLAIM-C0-20211130,CLM0002107,9010834689,DEATH_CLAIM,20211130,SETTLED,0038|0094|0530,18231.39,15701.10,2532.43,13168.67,5062.72,UNBALANCED,UNBALANCED,PARTIAL_PAYOUT_MULTI_PAYEE_OR_INCOMPLETE,Death claim remains unbalanced after client-authorized 2023/603703R dividend-on-deposit exclusion (Phase 24 rebalance).,"Approve for UAT as-is (client accepts accounting variance), convert header-only, or permanently exclude from claims conversion?",CLIENT_DECISION_REQUIRED,phase24_client_balancing_rerun|phase25_uat_emit_refresh|phase26_client_business_review_packet
2026-06-16T14:11:35Z,PHASE26-CLIENT-BUSINESS-REVIEW-20260616T141135Z,N,UNBALANCED_DEATH_CLAIM,RC-9011205919-1-DEATH_CLAIM-C0-20190601,CLM0004766,9011205919,DEATH_CLAIM,20190601,SETTLED,0038|0094|0530,10000.00,7555.09,2525.35,5029.74,4970.26,UNBALANCED,UNBALANCED,PARTIAL_PAYOUT_MULTI_PAYEE_OR_INCOMPLETE,Death claim remains unbalanced after client-authorized 2023/603703R dividend-on-deposit exclusion (Phase 24 rebalance).,"Approve for UAT as-is (client accepts accounting variance), convert header-only, or permanently exclude from claims conversion?",CLIENT_DECISION_REQUIRED,phase24_client_balancing_rerun|phase25_uat_emit_refresh|phase26_client_business_review_packet
2026-06-16T14:11:35Z,PHASE26-CLIENT-BUSINESS-REVIEW-20260616T141135Z,N,UNBALANCED_DEATH_CLAIM,RC-9010786153-1-DEATH_CLAIM-C0-20200421,CLM0001503,9010786153,DEATH_CLAIM,20200421,SETTLED,0038|0094|0530,5000.00,5141.00,5000.00,141.00,4859.00,UNBALANCED,UNBALANCED,DIV_ON_DEP_EXCLUDED_STILL_VARIANCE,Death claim remains unbalanced after client-authorized 2023/603703R dividend-on-deposit exclusion (Phase 24 rebalance).,"Approve for UAT as-is (client accepts accounting variance), convert header-only, or permanently exclude from claims conversion?",CLIENT_DECISION_REQUIRED,phase24_client_balancing_rerun|phase25_uat_emit_refresh|phase26_client_business_review_packet
2026-06-16T14:11:35Z,PHASE26-CLIENT-BUSINESS-REVIEW-20260616T141135Z,N,UNBALANCED_DEATH_CLAIM,RC-9010817415-1-DEATH_CLAIM-C0-20201122,CLM0001914,9010817415,DEATH_CLAIM,20201122,SETTLED,0038|0094|0530|0630,28183.37,25936.35,2463.12,23473.23,4710.14,UNBALANCED,UNBALANCED,PARTIAL_PAYOUT_MULTI_PAYEE_OR_INCOMPLETE,Death claim remains unbalanced after client-authorized 2023/603703R dividend-on-deposit exclusion (Phase 24 rebalance).,"Approve for UAT as-is (client accepts accounting variance), convert header-only, or permanently exclude from claims conversion?",CLIENT_DECISION_REQUIRED,phase24_client_balancing_rerun|phase25_uat_emit_refresh|phase26_client_business_review_packet
2026-06-16T14:11:35Z,PHASE26-CLIENT-BUSINESS-REVIEW-20260616T141135Z,N,UNBALANCED_DEATH_CLAIM,RC-9011209262-1-DEATH_CLAIM-C0-20191122,CLM0004919,9011209262,DEATH_CLAIM,20191122,SETTLED,0038|0094|0530,10000.00,7681.39,2368.21,5313.18,4686.82,UNBALANCED,UNBALANCED,PARTIAL_PAYOUT_MULTI_PAYEE_OR_INCOMPLETE,Death claim remains unbalanced after client-authorized 2023/603703R dividend-on-deposit exclusion (Phase 24 rebalance).,"Approve for UAT as-is (client accepts accounting variance), convert header-only, or permanently exclude from claims conversion?",CLIENT_DECISION_REQUIRED,phase24_client_balancing_rerun|phase25_uat_emit_refresh|phase26_client_business_review_packet
2026-06-16T14:11:35Z,PHASE26-CLIENT-BUSINESS-REVIEW-20260616T141135Z,N,UNBALANCED_DEATH_CLAIM,RC-9010464869-1-DEATH_CLAIM-C0-20200415,CLM0000515,9010464869,DEATH_CLAIM,20200415,SETTLED,0038|0094|0530|0630,5661.34,4716.62,3740.31,976.31,4685.03,UNBALANCED,UNBALANCED,PARTIAL_PAYOUT_MULTI_PAYEE_OR_INCOMPLETE,Death claim remains unbalanced after client-authorized 2023/603703R dividend-on-deposit exclusion (Phase 24 rebalance).,"Approve for UAT as-is (client accepts accounting variance), convert header-only, or permanently exclude from claims conversion?",CLIENT_DECISION_REQUIRED,phase24_client_balancing_rerun|phase25_uat_emit_refresh|phase26_client_business_review_packet
2026-06-16T14:11:35Z,PHASE26-CLIENT-BUSINESS-REVIEW-20260616T141135Z,N,UNBALANCED_DEATH_CLAIM,RC-9010856188-1-DEATH_CLAIM-C0-20240306,CLM0002368,9010856188,DEATH_CLAIM,20240306,SETTLED,0038|0094|0530,25000.00,22694.40,2328.04,20366.36,4633.64,UNBALANCED,UNBALANCED,PARTIAL_PAYOUT_MULTI_PAYEE_OR_INCOMPLETE,Death claim remains unbalanced after client-authorized 2023/603703R dividend-on-deposit exclusion (Phase 24 rebalance).,"Approve for UAT as-is (client accepts accounting variance), convert header-only, or permanently exclude from claims conversion?",CLIENT_DECISION_REQUIRED,phase24_client_balancing_rerun|phase25_uat_emit_refresh|phase26_client_business_review_packet
2026-06-16T14:11:35Z,PHASE26-CLIENT-BUSINESS-REVIEW-20260616T141135Z,N,UNBALANCED_DEATH_CLAIM,RC-901ML8791-1-DEATH_CLAIM-C0-20221208,CLM0005465,901ML8791,DEATH_CLAIM,20221208,SETTLED,0038|0094|0530,0.01,2005.63,6420.00,-4414.37,4414.38,UNBALANCED,UNBALANCED,DIV_ON_DEP_EXCLUDED_STILL_VARIANCE,Death claim remains unbalanced after client-authorized 2023/603703R dividend-on-deposit exclusion (Phase 24 rebalance).,"Approve for UAT as-is (client accepts accounting variance), convert header-only, or permanently exclude from claims conversion?",CLIENT_DECISION_REQUIRED,phase24_client_balancing_rerun|phase25_uat_emit_refresh|phase26_client_business_review_packet
2026-06-16T14:11:35Z,PHASE26-CLIENT-BUSINESS-REVIEW-20260616T141135Z,N,UNBALANCED_DEATH_CLAIM,RC-901ML8209-1-DEATH_CLAIM-C0-20220819,CLM0005454,901ML8209,DEATH_CLAIM,20220819,FUNDED,0038|0530|0630,350.52,0.00,4054.34,-4054.34,4404.86,UNBALANCED,UNBALANCED,PARTIAL_PAYOUT_MULTI_PAYEE_OR_INCOMPLETE,Death claim remains unbalanced after client-authorized 2023/603703R dividend-on-deposit exclusion (Phase 24 rebalance).,"Approve for UAT as-is (client accepts accounting variance), convert header-only, or permanently exclude from claims conversion?",CLIENT_DECISION_REQUIRED,phase24_client_balancing_rerun|phase25_uat_emit_refresh|phase26_client_business_review_packet
2026-06-16T14:11:35Z,PHASE26-CLIENT-BUSINESS-REVIEW-20260616T141135Z,N,UNBALANCED_DEATH_CLAIM,RC-9010404857-1-DEATH_CLAIM-C0-20180118,CLM0000196,9010404857,DEATH_CLAIM,20180118,SETTLED,0038|0094|0530,8454.00,6292.70,2190.34,4102.36,4351.64,UNBALANCED,UNBALANCED,PARTIAL_PAYOUT_MULTI_PAYEE_OR_INCOMPLETE,Death claim remains unbalanced after client-authorized 2023/603703R dividend-on-deposit exclusion (Phase 24 rebalance).,"Approve for UAT as-is (client accepts accounting variance), convert header-only, or permanently exclude from claims conversion?",CLIENT_DECISION_REQUIRED,phase24_client_balancing_rerun|phase25_uat_emit_refresh|phase26_client_business_review_packet
2026-06-16T14:11:35Z,PHASE26-CLIENT-BUSINESS-REVIEW-20260616T141135Z,N,UNBALANCED_DEATH_CLAIM,RC-9010395879-1-DEATH_CLAIM-C0-20230114,CLM0000126,9010395879,DEATH_CLAIM,20230114,SETTLED,0038|0094|0530,4348.00,4916.26,4916.26,0.00,4348.00,UNBALANCED,UNBALANCED,DIV_ON_DEP_EXCLUDED_STILL_VARIANCE,Death claim remains unbalanced after client-authorized 2023/603703R dividend-on-deposit exclusion (Phase 24 rebalance).,"Approve for UAT as-is (client accepts accounting variance), convert header-only, or permanently exclude from claims conversion?",CLIENT_DECISION_REQUIRED,phase24_client_balancing_rerun|phase25_uat_emit_refresh|phase26_client_business_review_packet
2026-06-16T14:11:35Z,PHASE26-CLIENT-BUSINESS-REVIEW-20260616T141135Z,N,UNBALANCED_DEATH_CLAIM,RC-9010776157-1-DEATH_CLAIM-C0-20200116,CLM0001330,9010776157,DEATH_CLAIM,20200116,SETTLED,0038|0094|0530,32925.09,30968.34,2269.51,28698.83,4226.26,UNBALANCED,UNBALANCED,PARTIAL_PAYOUT_MULTI_PAYEE_OR_INCOMPLETE,Death claim remains unbalanced after client-authorized 2023/603703R dividend-on-deposit exclusion (Phase 24 rebalance).,"Approve for UAT as-is (client accepts accounting variance), convert header-only, or permanently exclude from claims conversion?",CLIENT_DECISION_REQUIRED,phase24_client_balancing_rerun|phase25_uat_emit_refresh|phase26_client_business_review_packet
2026-06-16T14:11:35Z,PHASE26-CLIENT-BUSINESS-REVIEW-20260616T141135Z,N,UNBALANCED_DEATH_CLAIM,RC-9010464870-1-DEATH_CLAIM-C0-20240121,CLM0000519,9010464870,DEATH_CLAIM,20240121,SETTLED,0038|0094|0530|0630,3743.18,2959.70,3382.90,-423.20,4166.38,UNBALANCED,UNBALANCED,PARTIAL_PAYOUT_MULTI_PAYEE_OR_INCOMPLETE,Death claim remains unbalanced after client-authorized 2023/603703R dividend-on-deposit exclusion (Phase 24 rebalance).,"Approve for UAT as-is (client accepts accounting variance), convert header-only, or permanently exclude from claims conversion?",CLIENT_DECISION_REQUIRED,phase24_client_balancing_rerun|phase25_uat_emit_refresh|phase26_client_business_review_packet
2026-06-16T14:11:35Z,PHASE26-CLIENT-BUSINESS-REVIEW-20260616T141135Z,N,UNBALANCED_DEATH_CLAIM,RC-9011202381-1-DEATH_CLAIM-C0-20200514,CLM0004734,9011202381,DEATH_CLAIM,20200514,SETTLED,0038|0094|0530|0630,5002.01,3041.31,1992.26,1049.05,3952.96,UNBALANCED,UNBALANCED,PARTIAL_PAYOUT_MULTI_PAYEE_OR_INCOMPLETE,Death claim remains unbalanced after client-authorized 2023/603703R dividend-on-deposit exclusion (Phase 24 rebalance).,"Approve for UAT as-is (client accepts accounting variance), convert header-only, or permanently exclude from claims conversion?",CLIENT_DECISION_REQUIRED,phase24_client_balancing_rerun|phase25_uat_emit_refresh|phase26_client_business_review_packet
2026-06-16T14:11:35Z,PHASE26-CLIENT-BUSINESS-REVIEW-20260616T141135Z,N,UNBALANCED_DEATH_CLAIM,RC-9011053428-1-DEATH_CLAIM-C0-20180726,CLM0003394,9011053428,DEATH_CLAIM,20180726,SETTLED,0038|0094|0530,25000.00,45105.03,23766.15,21338.88,3661.12,UNBALANCED,UNBALANCED,DIV_ON_DEP_EXCLUDED_STILL_VARIANCE,Death claim remains unbalanced after client-authorized 2023/603703R dividend-on-deposit exclusion (Phase 24 rebalance).,"Approve for UAT as-is (client accepts accounting variance), convert header-only, or permanently exclude from claims conversion?",CLIENT_DECISION_REQUIRED,phase24_client_balancing_rerun|phase25_uat_emit_refresh|phase26_client_business_review_packet
2026-06-16T14:11:35Z,PHASE26-CLIENT-BUSINESS-REVIEW-20260616T141135Z,N,UNBALANCED_DEATH_CLAIM,RC-9015000171-1-DEATH_CLAIM-C0-20210810,CLM0005422,9015000171,DEATH_CLAIM,20210810,SETTLED,0038|0094|0530,5000.00,3450.89,1609.29,1841.60,3158.40,UNBALANCED,UNBALANCED,PARTIAL_PAYOUT_MULTI_PAYEE_OR_INCOMPLETE,Death claim remains unbalanced after client-authorized 2023/603703R dividend-on-deposit exclusion (Phase 24 rebalance).,"Approve for UAT as-is (client accepts accounting variance), convert header-only, or permanently exclude from claims conversion?",CLIENT_DECISION_REQUIRED,phase24_client_balancing_rerun|phase25_uat_emit_refresh|phase26_client_business_review_packet
2026-06-16T14:11:35Z,PHASE26-CLIENT-BUSINESS-REVIEW-20260616T141135Z,N,UNBALANCED_DEATH_CLAIM,RC-9010488274-1-DEATH_CLAIM-C0-20180422,CLM0000660,9010488274,DEATH_CLAIM,20180422,SETTLED,0038|0094|0530|0630,9999.05,11489.42,4587.02,6902.40,3096.65,UNBALANCED,UNBALANCED,DIV_ON_DEP_EXCLUDED_STILL_VARIANCE,Death claim remains unbalanced after client-authorized 2023/603703R dividend-on-deposit exclusion (Phase 24 rebalance).,"Approve for UAT as-is (client accepts accounting variance), convert header-only, or permanently exclude from claims conversion?",CLIENT_DECISION_REQUIRED,phase24_client_balancing_rerun|phase25_uat_emit_refresh|phase26_client_business_review_packet
2026-06-16T14:11:35Z,PHASE26-CLIENT-BUSINESS-REVIEW-20260616T141135Z,N,UNBALANCED_DEATH_CLAIM,RC-9010834690-1-DEATH_CLAIM-C0-20240928,CLM0002116,9010834690,DEATH_CLAIM,20240928,SETTLED,0038|0094|0530,11957.20,10483.16,1518.04,8965.12,2992.08,UNBALANCED,UNBALANCED,PARTIAL_PAYOUT_MULTI_PAYEE_OR_INCOMPLETE,Death claim remains unbalanced after client-authorized 2023/603703R dividend-on-deposit exclusion (Phase 24 rebalance).,"Approve for UAT as-is (client accepts accounting variance), convert header-only, or permanently exclude from claims conversion?",CLIENT_DECISION_REQUIRED,phase24_client_balancing_rerun|phase25_uat_emit_refresh|phase26_client_business_review_packet
2026-06-16T14:11:35Z,PHASE26-CLIENT-BUSINESS-REVIEW-20260616T141135Z,N,UNBALANCED_DEATH_CLAIM,RC-9010928495-1-DEATH_CLAIM-C0-20241003,CLM0002930,9010928495,DEATH_CLAIM,20241003,SETTLED,0038|0094|0530|0630,22809.29,21325.70,1483.59,19842.11,2967.18,UNBALANCED,UNBALANCED,PARTIAL_PAYOUT_MULTI_PAYEE_OR_INCOMPLETE,Death claim remains unbalanced after client-authorized 2023/603703R dividend-on-deposit exclusion (Phase 24 rebalance).,"Approve for UAT as-is (client accepts accounting variance), convert header-only, or permanently exclude from claims conversion?",CLIENT_DECISION_REQUIRED,phase24_client_balancing_rerun|phase25_uat_emit_refresh|phase26_client_business_review_packet
2026-06-16T14:11:35Z,PHASE26-CLIENT-BUSINESS-REVIEW-20260616T141135Z,N,UNBALANCED_DEATH_CLAIM,RC-9010463420-1-DEATH_CLAIM-C0-20180117,CLM0000507,9010463420,DEATH_CLAIM,20180117,SETTLED,0038|0094|0530|0630,3740.51,3599.65,2765.77,833.88,2906.63,UNBALANCED,UNBALANCED,PARTIAL_PAYOUT_MULTI_PAYEE_OR_INCOMPLETE,Death claim remains unbalanced after client-authorized 2023/603703R dividend-on-deposit exclusion (Phase 24 rebalance).,"Approve for UAT as-is (client accepts accounting variance), convert header-only, or permanently exclude from claims conversion?",CLIENT_DECISION_REQUIRED,phase24_client_balancing_rerun|phase25_uat_emit_refresh|phase26_client_business_review_packet
2026-06-16T14:11:35Z,PHASE26-CLIENT-BUSINESS-REVIEW-20260616T141135Z,N,UNBALANCED_DEATH_CLAIM,RC-9010817639-1-DEATH_CLAIM-C0-20231215,CLM0001924,9010817639,DEATH_CLAIM,20231215,SETTLED,0038|0094|0530|0630,12132.29,10735.34,1450.57,9284.77,2847.52,UNBALANCED,UNBALANCED,PARTIAL_PAYOUT_MULTI_PAYEE_OR_INCOMPLETE,Death claim remains unbalanced after client-authorized 2023/603703R dividend-on-deposit exclusion (Phase 24 rebalance).,"Approve for UAT as-is (client accepts accounting variance), convert header-only, or permanently exclude from claims conversion?",CLIENT_DECISION_REQUIRED,phase24_client_balancing_rerun|phase25_uat_emit_refresh|phase26_client_business_review_packet
2026-06-16T14:11:35Z,PHASE26-CLIENT-BUSINESS-REVIEW-20260616T141135Z,N,UNBALANCED_DEATH_CLAIM,RC-9011178455-1-DEATH_CLAIM-C0-20180227,CLM0004172,9011178455,DEATH_CLAIM,20180227,SETTLED,0038|0094|0530,10000.00,8617.79,1388.17,7229.62,2770.38,UNBALANCED,UNBALANCED,PARTIAL_PAYOUT_MULTI_PAYEE_OR_INCOMPLETE,Death claim remains unbalanced after client-authorized 2023/603703R dividend-on-deposit exclusion (Phase 24 rebalance).,"Approve for UAT as-is (client accepts accounting variance), convert header-only, or permanently exclude from claims conversion?",CLIENT_DECISION_REQUIRED,phase24_client_balancing_rerun|phase25_uat_emit_refresh|phase26_client_business_review_packet
2026-06-16T14:11:35Z,PHASE26-CLIENT-BUSINESS-REVIEW-20260616T141135Z,N,UNBALANCED_DEATH_CLAIM,RC-9010454002-1-DEATH_CLAIM-C0-20230424,CLM0000452,9010454002,DEATH_CLAIM,20230424,SETTLED,0038|0094|0530|0630,14033.95,13678.89,2396.42,11282.47,2751.48,UNBALANCED,UNBALANCED,PARTIAL_PAYOUT_MULTI_PAYEE_OR_INCOMPLETE,Death claim remains unbalanced after client-authorized 2023/603703R dividend-on-deposit exclusion (Phase 24 rebalance).,"Approve for UAT as-is (client accepts accounting variance), convert header-only, or permanently exclude from claims conversion?",CLIENT_DECISION_REQUIRED,phase24_client_balancing_rerun|phase25_uat_emit_refresh|phase26_client_business_review_packet
2026-06-16T14:11:35Z,PHASE26-CLIENT-BUSINESS-REVIEW-20260616T141135Z,N,UNBALANCED_DEATH_CLAIM,RC-9011154752-1-DEATH_CLAIM-C0-20200219,CLM0004042,9011154752,DEATH_CLAIM,20200219,SETTLED,0038|0094|0530,5000.00,3642.14,1373.38,2268.76,2731.24,UNBALANCED,UNBALANCED,PARTIAL_PAYOUT_MULTI_PAYEE_OR_INCOMPLETE,Death claim remains unbalanced after client-authorized 2023/603703R dividend-on-deposit exclusion (Phase 24 rebalance).,"Approve for UAT as-is (client accepts accounting variance), convert header-only, or permanently exclude from claims conversion?",CLIENT_DECISION_REQUIRED,phase24_client_balancing_rerun|phase25_uat_emit_refresh|phase26_client_business_review_packet
2026-06-16T14:11:35Z,PHASE26-CLIENT-BUSINESS-REVIEW-20260616T141135Z,N,UNBALANCED_DEATH_CLAIM,RC-9010442552-1-DEATH_CLAIM-C0-20240517,CLM0000378,9010442552,DEATH_CLAIM,20240517,SETTLED,0038|0094|0530|0630,4530.37,4716.41,2903.39,1813.02,2717.35,UNBALANCED,UNBALANCED,DIV_ON_DEP_EXCLUDED_STILL_VARIANCE,Death claim remains unbalanced after client-authorized 2023/603703R dividend-on-deposit exclusion (Phase 24 rebalance).,"Approve for UAT as-is (client accepts accounting variance), convert header-only, or permanently exclude from claims conversion?",CLIENT_DECISION_REQUIRED,phase24_client_balancing_rerun|phase25_uat_emit_refresh|phase26_client_business_review_packet
2026-06-16T14:11:35Z,PHASE26-CLIENT-BUSINESS-REVIEW-20260616T141135Z,N,UNBALANCED_DEATH_CLAIM,RC-9010391359-1-DEATH_CLAIM-C0-20211119,CLM0000098,9010391359,DEATH_CLAIM,20211119,SETTLED,0038|0094|0530,2000.00,1260.06,1860.21,-600.15,2600.15,UNBALANCED,UNBALANCED,PARTIAL_PAYOUT_MULTI_PAYEE_OR_INCOMPLETE,Death claim remains unbalanced after client-authorized 2023/603703R dividend-on-deposit exclusion (Phase 24 rebalance).,"Approve for UAT as-is (client accepts accounting variance), convert header-only, or permanently exclude from claims conversion?",CLIENT_DECISION_REQUIRED,phase24_client_balancing_rerun|phase25_uat_emit_refresh|phase26_client_business_review_packet
2026-06-16T14:11:35Z,PHASE26-CLIENT-BUSINESS-REVIEW-20260616T141135Z,N,UNBALANCED_DEATH_CLAIM,RC-9011154868-1-DEATH_CLAIM-C0-20230206,CLM0004047,9011154868,DEATH_CLAIM,20230206,SETTLED,0038|0094|0530|0630,5082.97,7579.93,5033.60,2546.33,2536.64,UNBALANCED,UNBALANCED,DIV_ON_DEP_EXCLUDED_STILL_VARIANCE,Death claim remains unbalanced after client-authorized 2023/603703R dividend-on-deposit exclusion (Phase 24 rebalance).,"Approve for UAT as-is (client accepts accounting variance), convert header-only, or permanently exclude from claims conversion?",CLIENT_DECISION_REQUIRED,phase24_client_balancing_rerun|phase25_uat_emit_refresh|phase26_client_business_review_packet
2026-06-16T14:11:35Z,PHASE26-CLIENT-BUSINESS-REVIEW-20260616T141135Z,N,UNBALANCED_DEATH_CLAIM,RC-9011141382-1-DEATH_CLAIM-C0-20240621,CLM0003951,9011141382,DEATH_CLAIM,20240621,SETTLED,0038|0094|0530,5000.00,3760.00,1294.54,2465.46,2534.54,UNBALANCED,UNBALANCED,PARTIAL_PAYOUT_MULTI_PAYEE_OR_INCOMPLETE,Death claim remains unbalanced after client-authorized 2023/603703R dividend-on-deposit exclusion (Phase 24 rebalance).,"Approve for UAT as-is (client accepts accounting variance), convert header-only, or permanently exclude from claims conversion?",CLIENT_DECISION_REQUIRED,phase24_client_balancing_rerun|phase25_uat_emit_refresh|phase26_client_business_review_packet
2026-06-16T14:11:35Z,PHASE26-CLIENT-BUSINESS-REVIEW-20260616T141135Z,N,UNBALANCED_DEATH_CLAIM,RC-9011210149-1-DEATH_CLAIM-C0-20200623,CLM0004933,9011210149,DEATH_CLAIM,20200623,SETTLED,0038|0094|0530|0630,25031.57,23938.07,1149.14,22788.93,2242.64,UNBALANCED,UNBALANCED,PARTIAL_PAYOUT_MULTI_PAYEE_OR_INCOMPLETE,Death claim remains unbalanced after client-authorized 2023/603703R dividend-on-deposit exclusion (Phase 24 rebalance).,"Approve for UAT as-is (client accepts accounting variance), convert header-only, or permanently exclude from claims conversion?",CLIENT_DECISION_REQUIRED,phase24_client_balancing_rerun|phase25_uat_emit_refresh|phase26_client_business_review_packet
2026-06-16T14:11:35Z,PHASE26-CLIENT-BUSINESS-REVIEW-20260616T141135Z,N,UNBALANCED_DEATH_CLAIM,RC-9010521651-1-DEATH_CLAIM-C0-20230502,CLM0000765,9010521651,DEATH_CLAIM,20230502,SETTLED,0038|0094|0530|0630,8602.03,10150.54,3786.60,6363.94,2238.09,UNBALANCED,UNBALANCED,DIV_ON_DEP_EXCLUDED_STILL_VARIANCE,Death claim remains unbalanced after client-authorized 2023/603703R dividend-on-deposit exclusion (Phase 24 rebalance).,"Approve for UAT as-is (client accepts accounting variance), convert header-only, or permanently exclude from claims conversion?",CLIENT_DECISION_REQUIRED,phase24_client_balancing_rerun|phase25_uat_emit_refresh|phase26_client_business_review_packet
2026-06-16T14:11:35Z,PHASE26-CLIENT-BUSINESS-REVIEW-20260616T141135Z,N,UNBALANCED_DEATH_CLAIM,RC-9010892327-1-DEATH_CLAIM-C0-20180418,CLM0002668,9010892327,DEATH_CLAIM,20180418,SETTLED,0038|0094|0530,11025.24,10088.54,975.76,9112.78,1912.46,UNBALANCED,UNBALANCED,PARTIAL_PAYOUT_MULTI_PAYEE_OR_INCOMPLETE,Death claim remains unbalanced after client-authorized 2023/603703R dividend-on-deposit exclusion (Phase 24 rebalance).,"Approve for UAT as-is (client accepts accounting variance), convert header-only, or permanently exclude from claims conversion?",CLIENT_DECISION_REQUIRED,phase24_client_balancing_rerun|phase25_uat_emit_refresh|phase26_client_business_review_packet
2026-06-16T14:11:35Z,PHASE26-CLIENT-BUSINESS-REVIEW-20260616T141135Z,N,UNBALANCED_DEATH_CLAIM,RC-9010550564-1-DEATH_CLAIM-C0-20190920,CLM0000841,9010550564,DEATH_CLAIM,20190920,SETTLED,0038|0094|0530|0630,11184.83,13974.98,4652.29,9322.69,1862.14,UNBALANCED,UNBALANCED,DIV_ON_DEP_EXCLUDED_STILL_VARIANCE,Death claim remains unbalanced after client-authorized 2023/603703R dividend-on-deposit exclusion (Phase 24 rebalance).,"Approve for UAT as-is (client accepts accounting variance), convert header-only, or permanently exclude from claims conversion?",CLIENT_DECISION_REQUIRED,phase24_client_balancing_rerun|phase25_uat_emit_refresh|phase26_client_business_review_packet
2026-06-16T14:11:35Z,PHASE26-CLIENT-BUSINESS-REVIEW-20260616T141135Z,N,UNBALANCED_DEATH_CLAIM,RC-901ML8438-1-DEATH_CLAIM-C0-20201123,CLM0005461,901ML8438,DEATH_CLAIM,20201123,FUNDED,0038|0530|0630,129.62,0.00,1689.22,-1689.22,1818.84,UNBALANCED,UNBALANCED,PARTIAL_PAYOUT_MULTI_PAYEE_OR_INCOMPLETE,Death claim remains unbalanced after client-authorized 2023/603703R dividend-on-deposit exclusion (Phase 24 rebalance).,"Approve for UAT as-is (client accepts accounting variance), convert header-only, or permanently exclude from claims conversion?",CLIENT_DECISION_REQUIRED,phase24_client_balancing_rerun|phase25_uat_emit_refresh|phase26_client_business_review_packet
2026-06-16T14:11:35Z,PHASE26-CLIENT-BUSINESS-REVIEW-20260616T141135Z,N,UNBALANCED_DEATH_CLAIM,RC-9015000181-1-DEATH_CLAIM-C0-20191005,CLM0005428,9015000181,DEATH_CLAIM,20191005,SETTLED,0038|0094|0530,5000.00,4213.73,856.85,3356.88,1643.12,UNBALANCED,UNBALANCED,PARTIAL_PAYOUT_MULTI_PAYEE_OR_INCOMPLETE,Death claim remains unbalanced after client-authorized 2023/603703R dividend-on-deposit exclusion (Phase 24 rebalance).,"Approve for UAT as-is (client accepts accounting variance), convert header-only, or permanently exclude from claims conversion?",CLIENT_DECISION_REQUIRED,phase24_client_balancing_rerun|phase25_uat_emit_refresh|phase26_client_business_review_packet
2026-06-16T14:11:35Z,PHASE26-CLIENT-BUSINESS-REVIEW-20260616T141135Z,N,UNBALANCED_DEATH_CLAIM,RC-9010477513-1-DEATH_CLAIM-C0-20200430,CLM0000594,9010477513,DEATH_CLAIM,20200430,SETTLED,0038|0094|0530|0630,9812.58,12260.03,3964.33,8295.70,1516.88,UNBALANCED,UNBALANCED,DIV_ON_DEP_EXCLUDED_STILL_VARIANCE,Death claim remains unbalanced after client-authorized 2023/603703R dividend-on-deposit exclusion (Phase 24 rebalance).,"Approve for UAT as-is (client accepts accounting variance), convert header-only, or permanently exclude from claims conversion?",CLIENT_DECISION_REQUIRED,phase24_client_balancing_rerun|phase25_uat_emit_refresh|phase26_client_business_review_packet
2026-06-16T14:11:35Z,PHASE26-CLIENT-BUSINESS-REVIEW-20260616T141135Z,N,UNBALANCED_DEATH_CLAIM,RC-9010810504-1-DEATH_CLAIM-C0-20220824,CLM0001804,9010810504,DEATH_CLAIM,20220824,SETTLED,0038|0094|0530,25000.00,24284.16,737.02,23547.14,1452.86,UNBALANCED,UNBALANCED,PARTIAL_PAYOUT_MULTI_PAYEE_OR_INCOMPLETE,Death claim remains unbalanced after client-authorized 2023/603703R dividend-on-deposit exclusion (Phase 24 rebalance).,"Approve for UAT as-is (client accepts accounting variance), convert header-only, or permanently exclude from claims conversion?",CLIENT_DECISION_REQUIRED,phase24_client_balancing_rerun|phase25_uat_emit_refresh|phase26_client_business_review_packet
2026-06-16T14:11:35Z,PHASE26-CLIENT-BUSINESS-REVIEW-20260616T141135Z,N,UNBALANCED_DEATH_CLAIM,RC-9011114950-1-DEATH_CLAIM-C0-20220125,CLM0003782,9011114950,DEATH_CLAIM,20220125,SETTLED,0038|0094|0530,5000.00,4335.79,771.91,3563.88,1436.12,UNBALANCED,UNBALANCED,PARTIAL_PAYOUT_MULTI_PAYEE_OR_INCOMPLETE,Death claim remains unbalanced after client-authorized 2023/603703R dividend-on-deposit exclusion (Phase 24 rebalance).,"Approve for UAT as-is (client accepts accounting variance), convert header-only, or permanently exclude from claims conversion?",CLIENT_DECISION_REQUIRED,phase24_client_balancing_rerun|phase25_uat_emit_refresh|phase26_client_business_review_packet
2026-06-16T14:11:35Z,PHASE26-CLIENT-BUSINESS-REVIEW-20260616T141135Z,N,UNBALANCED_DEATH_CLAIM,RC-9010917600-1-DEATH_CLAIM-C0-20190718,CLM0002888,9010917600,DEATH_CLAIM,20190718,SETTLED,0038|0094|0530,25000.00,24314.62,694.12,23620.50,1379.50,UNBALANCED,UNBALANCED,PARTIAL_PAYOUT_MULTI_PAYEE_OR_INCOMPLETE,Death claim remains unbalanced after client-authorized 2023/603703R dividend-on-deposit exclusion (Phase 24 rebalance).,"Approve for UAT as-is (client accepts accounting variance), convert header-only, or permanently exclude from claims conversion?",CLIENT_DECISION_REQUIRED,phase24_client_balancing_rerun|phase25_uat_emit_refresh|phase26_client_business_review_packet
2026-06-16T14:11:35Z,PHASE26-CLIENT-BUSINESS-REVIEW-20260616T141135Z,N,UNBALANCED_DEATH_CLAIM,RC-9011101578-1-DEATH_CLAIM-C0-20180628,CLM0003661,9011101578,DEATH_CLAIM,20180628,SETTLED,0038|0094|0530,3000.00,2328.69,704.41,1624.28,1375.72,UNBALANCED,UNBALANCED,PARTIAL_PAYOUT_MULTI_PAYEE_OR_INCOMPLETE,Death claim remains unbalanced after client-authorized 2023/603703R dividend-on-deposit exclusion (Phase 24 rebalance).,"Approve for UAT as-is (client accepts accounting variance), convert header-only, or permanently exclude from claims conversion?",CLIENT_DECISION_REQUIRED,phase24_client_balancing_rerun|phase25_uat_emit_refresh|phase26_client_business_review_packet
2026-06-16T14:11:35Z,PHASE26-CLIENT-BUSINESS-REVIEW-20260616T141135Z,N,UNBALANCED_DEATH_CLAIM,RC-9010774109-1-DEATH_CLAIM-C0-20201120,CLM0001315,9010774109,DEATH_CLAIM,20201120,SETTLED,0038|0094|0530,10540.71,9942.49,648.66,9293.83,1246.88,UNBALANCED,UNBALANCED,PARTIAL_PAYOUT_MULTI_PAYEE_OR_INCOMPLETE,Death claim remains unbalanced after client-authorized 2023/603703R dividend-on-deposit exclusion (Phase 24 rebalance).,"Approve for UAT as-is (client accepts accounting variance), convert header-only, or permanently exclude from claims conversion?",CLIENT_DECISION_REQUIRED,phase24_client_balancing_rerun|phase25_uat_emit_refresh|phase26_client_business_review_packet
2026-06-16T14:11:35Z,PHASE26-CLIENT-BUSINESS-REVIEW-20260616T141135Z,N,UNBALANCED_DEATH_CLAIM,RC-9011197715-1-DEATH_CLAIM-C0-20201207,CLM0004556,9011197715,DEATH_CLAIM,20201207,SETTLED,0038|0094|0530,10000.00,9411.61,598.89,8812.72,1187.28,UNBALANCED,UNBALANCED,PARTIAL_PAYOUT_MULTI_PAYEE_OR_INCOMPLETE,Death claim remains unbalanced after client-authorized 2023/603703R dividend-on-deposit exclusion (Phase 24 rebalance).,"Approve for UAT as-is (client accepts accounting variance), convert header-only, or permanently exclude from claims conversion?",CLIENT_DECISION_REQUIRED,phase24_client_balancing_rerun|phase25_uat_emit_refresh|phase26_client_business_review_packet
2026-06-16T14:11:35Z,PHASE26-CLIENT-BUSINESS-REVIEW-20260616T141135Z,N,UNBALANCED_DEATH_CLAIM,RC-9010769714-1-DEATH_CLAIM-C0-20230404,CLM0001225,9010769714,DEATH_CLAIM,20230404,SETTLED,0038|0094|0530,50000.00,49445.73,576.95,48868.78,1131.22,UNBALANCED,UNBALANCED,PARTIAL_PAYOUT_MULTI_PAYEE_OR_INCOMPLETE,Death claim remains unbalanced after client-authorized 2023/603703R dividend-on-deposit exclusion (Phase 24 rebalance).,"Approve for UAT as-is (client accepts accounting variance), convert header-only, or permanently exclude from claims conversion?",CLIENT_DECISION_REQUIRED,phase24_client_balancing_rerun|phase25_uat_emit_refresh|phase26_client_business_review_packet
2026-06-16T14:11:35Z,PHASE26-CLIENT-BUSINESS-REVIEW-20260616T141135Z,N,UNBALANCED_DEATH_CLAIM,RC-9011244378-1-DEATH_CLAIM-C0-20230118,CLM0005181,9011244378,DEATH_CLAIM,20230118,SETTLED,0038|0094|0530,30000.00,29591.33,675.05,28916.28,1083.72,UNBALANCED,UNBALANCED,PARTIAL_PAYOUT_MULTI_PAYEE_OR_INCOMPLETE,Death claim remains unbalanced after client-authorized 2023/603703R dividend-on-deposit exclusion (Phase 24 rebalance).,"Approve for UAT as-is (client accepts accounting variance), convert header-only, or permanently exclude from claims conversion?",CLIENT_DECISION_REQUIRED,phase24_client_balancing_rerun|phase25_uat_emit_refresh|phase26_client_business_review_packet
2026-06-16T14:11:35Z,PHASE26-CLIENT-BUSINESS-REVIEW-20260616T141135Z,N,UNBALANCED_DEATH_CLAIM,RC-9018163-1-DEATH_CLAIM-C0-20250105,CLM0005450,9018163,DEATH_CLAIM,20250105,SETTLED,0038|0094|0530|0630,5.28,1077.77,2130.20,-1052.43,1057.71,UNBALANCED,UNBALANCED,DIV_ON_DEP_EXCLUDED_STILL_VARIANCE,Death claim remains unbalanced after client-authorized 2023/603703R dividend-on-deposit exclusion (Phase 24 rebalance).,"Approve for UAT as-is (client accepts accounting variance), convert header-only, or permanently exclude from claims conversion?",CLIENT_DECISION_REQUIRED,phase24_client_balancing_rerun|phase25_uat_emit_refresh|phase26_client_business_review_packet
2026-06-16T14:11:35Z,PHASE26-CLIENT-BUSINESS-REVIEW-20260616T141135Z,N,UNBALANCED_DEATH_CLAIM,RC-901ML8251-1-DEATH_CLAIM-C0-20231027,CLM0005458,901ML8251,DEATH_CLAIM,20231027,SETTLED,0038|0094|0530,0.01,1207.07,2215.44,-1008.37,1008.38,UNBALANCED,UNBALANCED,DIV_ON_DEP_EXCLUDED_STILL_VARIANCE,Death claim remains unbalanced after client-authorized 2023/603703R dividend-on-deposit exclusion (Phase 24 rebalance).,"Approve for UAT as-is (client accepts accounting variance), convert header-only, or permanently exclude from claims conversion?",CLIENT_DECISION_REQUIRED,phase24_client_balancing_rerun|phase25_uat_emit_refresh|phase26_client_business_review_packet
2026-06-16T14:11:35Z,PHASE26-CLIENT-BUSINESS-REVIEW-20260616T141135Z,N,UNBALANCED_DEATH_CLAIM,RC-901ML8557-1-DEATH_CLAIM-C0-20220120,CLM0005463,901ML8557,DEATH_CLAIM,20220120,SETTLED,0038|0094|0530|0630,164.60,1340.42,2183.73,-843.31,1007.91,UNBALANCED,UNBALANCED,DIV_ON_DEP_EXCLUDED_STILL_VARIANCE,Death claim remains unbalanced after client-authorized 2023/603703R dividend-on-deposit exclusion (Phase 24 rebalance).,"Approve for UAT as-is (client accepts accounting variance), convert header-only, or permanently exclude from claims conversion?",CLIENT_DECISION_REQUIRED,phase24_client_balancing_rerun|phase25_uat_emit_refresh|phase26_client_business_review_packet
2026-06-16T14:11:35Z,PHASE26-CLIENT-BUSINESS-REVIEW-20260616T141135Z,N,UNBALANCED_DEATH_CLAIM,RC-9010549966-1-DEATH_CLAIM-C0-20200828,CLM0000830,9010549966,DEATH_CLAIM,20200828,SETTLED,0038|0094|0530,5205.00,7376.31,3136.00,4240.31,964.69,UNBALANCED,UNBALANCED,DIV_ON_DEP_EXCLUDED_STILL_VARIANCE,Death claim remains unbalanced after client-authorized 2023/603703R dividend-on-deposit exclusion (Phase 24 rebalance).,"Approve for UAT as-is (client accepts accounting variance), convert header-only, or permanently exclude from claims conversion?",CLIENT_DECISION_REQUIRED,phase24_client_balancing_rerun|phase25_uat_emit_refresh|phase26_client_business_review_packet
2026-06-16T14:11:35Z,PHASE26-CLIENT-BUSINESS-REVIEW-20260616T141135Z,N,UNBALANCED_DEATH_CLAIM,RC-9010825720-1-DEATH_CLAIM-C0-20210208,CLM0002003,9010825720,DEATH_CLAIM,20210208,SETTLED,0038|0094|0530,100000.00,99890.93,602.89,99288.04,711.96,UNBALANCED,UNBALANCED,PARTIAL_PAYOUT_MULTI_PAYEE_OR_INCOMPLETE,Death claim remains unbalanced after client-authorized 2023/603703R dividend-on-deposit exclusion (Phase 24 rebalance).,"Approve for UAT as-is (client accepts accounting variance), convert header-only, or permanently exclude from claims conversion?",CLIENT_DECISION_REQUIRED,phase24_client_balancing_rerun|phase25_uat_emit_refresh|phase26_client_business_review_packet
2026-06-16T14:11:35Z,PHASE26-CLIENT-BUSINESS-REVIEW-20260616T141135Z,N,UNBALANCED_DEATH_CLAIM,RC-901ML8804-1-DEATH_CLAIM-C0-20241011,CLM0005466,901ML8804,DEATH_CLAIM,20241011,SETTLED,0038|0094|0530,0.03,1400.00,2100.03,-700.03,700.06,UNBALANCED,UNBALANCED,DIV_ON_DEP_EXCLUDED_STILL_VARIANCE,Death claim remains unbalanced after client-authorized 2023/603703R dividend-on-deposit exclusion (Phase 24 rebalance).,"Approve for UAT as-is (client accepts accounting variance), convert header-only, or permanently exclude from claims conversion?",CLIENT_DECISION_REQUIRED,phase24_client_balancing_rerun|phase25_uat_emit_refresh|phase26_client_business_review_packet
2026-06-16T14:11:35Z,PHASE26-CLIENT-BUSINESS-REVIEW-20260616T141135Z,N,UNBALANCED_DEATH_CLAIM,RC-9010367438-1-DEATH_CLAIM-C0-20211110,CLM0000026,9010367438,DEATH_CLAIM,20211110,SETTLED,0038|0094|0530,3580.00,4469.37,1575.62,2893.75,686.25,UNBALANCED,UNBALANCED,DIV_ON_DEP_EXCLUDED_STILL_VARIANCE,Death claim remains unbalanced after client-authorized 2023/603703R dividend-on-deposit exclusion (Phase 24 rebalance).,"Approve for UAT as-is (client accepts accounting variance), convert header-only, or permanently exclude from claims conversion?",CLIENT_DECISION_REQUIRED,phase24_client_balancing_rerun|phase25_uat_emit_refresh|phase26_client_business_review_packet
2026-06-16T14:11:35Z,PHASE26-CLIENT-BUSINESS-REVIEW-20260616T141135Z,N,UNBALANCED_DEATH_CLAIM,RC-9010768339-1-DEATH_CLAIM-C0-20200103,CLM0001207,9010768339,DEATH_CLAIM,20200103,SETTLED,0038|0094|0530,13043.61,12780.41,263.20,12517.21,526.40,UNBALANCED,UNBALANCED,PARTIAL_PAYOUT_MULTI_PAYEE_OR_INCOMPLETE,Death claim remains unbalanced after client-authorized 2023/603703R dividend-on-deposit exclusion (Phase 24 rebalance).,"Approve for UAT as-is (client accepts accounting variance), convert header-only, or permanently exclude from claims conversion?",CLIENT_DECISION_REQUIRED,phase24_client_balancing_rerun|phase25_uat_emit_refresh|phase26_client_business_review_packet
2026-06-16T14:11:35Z,PHASE26-CLIENT-BUSINESS-REVIEW-20260616T141135Z,N,UNBALANCED_DEATH_CLAIM,RC-9011253007-1-DEATH_CLAIM-C0-20180415,CLM0005231,9011253007,DEATH_CLAIM,20180415,SETTLED,0038|0094|0530|0630,10013.88,9800.65,213.23,9587.42,426.46,UNBALANCED,UNBALANCED,PARTIAL_PAYOUT_MULTI_PAYEE_OR_INCOMPLETE,Death claim remains unbalanced after client-authorized 2023/603703R dividend-on-deposit exclusion (Phase 24 rebalance).,"Approve for UAT as-is (client accepts accounting variance), convert header-only, or permanently exclude from claims conversion?",CLIENT_DECISION_REQUIRED,phase24_client_balancing_rerun|phase25_uat_emit_refresh|phase26_client_business_review_packet
2026-06-16T14:11:35Z,PHASE26-CLIENT-BUSINESS-REVIEW-20260616T141135Z,N,UNBALANCED_DEATH_CLAIM,RC-9010477512-1-DEATH_CLAIM-C0-20201122,CLM0000589,9010477512,DEATH_CLAIM,20201122,SETTLED,0038|0094|0530|0630,8177.99,11019.57,3230.10,7789.47,388.52,UNBALANCED,UNBALANCED,DIV_ON_DEP_EXCLUDED_STILL_VARIANCE,Death claim remains unbalanced after client-authorized 2023/603703R dividend-on-deposit exclusion (Phase 24 rebalance).,"Approve for UAT as-is (client accepts accounting variance), convert header-only, or permanently exclude from claims conversion?",CLIENT_DECISION_REQUIRED,phase24_client_balancing_rerun|phase25_uat_emit_refresh|phase26_client_business_review_packet
2026-06-16T14:11:35Z,PHASE26-CLIENT-BUSINESS-REVIEW-20260616T141135Z,N,UNBALANCED_DEATH_CLAIM,RC-9011207222-1-DEATH_CLAIM-C0-20211006,CLM0004889,9011207222,DEATH_CLAIM,20211006,SETTLED,0038|0094|0530,5000.00,4876.98,226.22,4650.76,349.24,UNBALANCED,UNBALANCED,PARTIAL_PAYOUT_MULTI_PAYEE_OR_INCOMPLETE,Death claim remains unbalanced after client-authorized 2023/603703R dividend-on-deposit exclusion (Phase 24 rebalance).,"Approve for UAT as-is (client accepts accounting variance), convert header-only, or permanently exclude from claims conversion?",CLIENT_DECISION_REQUIRED,phase24_client_balancing_rerun|phase25_uat_emit_refresh|phase26_client_business_review_packet
2026-06-16T14:11:35Z,PHASE26-CLIENT-BUSINESS-REVIEW-20260616T141135Z,N,UNBALANCED_DEATH_CLAIM,RC-9010505549-1-DEATH_CLAIM-C0-20221202,CLM0000697,9010505549,DEATH_CLAIM,20221202,SETTLED,0038|0094|0530,5000.00,5730.58,1070.13,4660.45,339.55,UNBALANCED,UNBALANCED,DIV_ON_DEP_EXCLUDED_STILL_VARIANCE,Death claim remains unbalanced after client-authorized 2023/603703R dividend-on-deposit exclusion (Phase 24 rebalance).,"Approve for UAT as-is (client accepts accounting variance), convert header-only, or permanently exclude from claims conversion?",CLIENT_DECISION_REQUIRED,phase24_client_balancing_rerun|phase25_uat_emit_refresh|phase26_client_business_review_packet
2026-06-16T14:11:35Z,PHASE26-CLIENT-BUSINESS-REVIEW-20260616T141135Z,N,UNBALANCED_DEATH_CLAIM,RC-9010776653-1-DEATH_CLAIM-C0-20190302,CLM0001339,9010776653,DEATH_CLAIM,20190302,SETTLED,0038|0094|0530,30803.41,30663.38,181.99,30481.39,322.02,UNBALANCED,UNBALANCED,PARTIAL_PAYOUT_MULTI_PAYEE_OR_INCOMPLETE,Death claim remains unbalanced after client-authorized 2023/603703R dividend-on-deposit exclusion (Phase 24 rebalance).,"Approve for UAT as-is (client accepts accounting variance), convert header-only, or permanently exclude from claims conversion?",CLIENT_DECISION_REQUIRED,phase24_client_balancing_rerun|phase25_uat_emit_refresh|phase26_client_business_review_packet
