PLAN,FORM,DESCR,PAR,SEX,BASIS,NFOINT,LOANINT,LOANINTX,DEPINT,VARDB,VARGP,LOAGE,HIAGE,RENEW,PAYYRS,PAYAGE,INSYRS,INSAGE,ANNL,SEMI,QTRL,MTHD,MTHB,ANNLFEE,SEMIFEE,QTRLFEE,MTHDFEE,MTHBFEE,INITVAL,MKTG,PRODUCT,CALCADV,COMMID,MINUNIT,MAXUNIT,BPOLFEE,BACTIVE,RRULE,AGTRSV,AUTONFO,PLANTYPE,INTMETHTV,INTMETHCV,DEFICIENCY,HDEDMETHOD,PLANVALOPT,GDVARYGP,GDVARYDB,GDVARYCV,GDVARYTV,GDVARYDV,UWVARYGP,UWVARYDB,UWVARYCV,UWVARYTV,UWVARYDV,BDVARYGP,BDVARYDB,BDVARYCV,BDVARYTV,BDVARYDV,STVARYGP,STVARYDB,STVARYCV,STVARYTV,STVARYDV,CONVCOMM,PLANNAME,HRENEW,HLOB,HCOMMIP,HRIGPKEY,SIMPLEINT,MLAPSE,MNOTE10,MNAICLOB,MNFOANNV,MGTDANNV
920ADB,0822 620,ACCIDENTAL DEATH BENEFIT,0,B,,,0.00,22,0.00,4,4,15,55,T,00,65,00,65,100.0000,51.0000,26.5000,9.2500,9.2500,0.0000,0.0000,0.0000,0.0000,0.0000,1000.00,,03,T,,1,200,,T,B,0.00,0,,,A,N,,N,N,N,N,N,N,N,N,N,N,N,N,N,N,N,N,N,N,N,N,N,,ACCIDENTAL DB - 621 END85,,,,,,0,,NAPLAN,,
965ADB,0822 665,ACCIDENTAL DEATH BENEFIT,0,B,,,0.00,22,0.00,4,4,15,50,T,00,65,00,65,100.0000,51.0000,26.5000,9.2500,9.2500,0.0000,0.0000,0.0000,0.0000,0.0000,1000.00,,03,T,,1,200,,T,B,0.00,0,,,A,N,,N,N,N,N,N,N,N,N,N,N,N,N,N,N,N,N,N,N,N,N,N,,ACCIDENTAL DB - 665 STME95,,,,,,0,,NAPLAN,,
960ADB,0822 960,ACCIDENTAL DEATH BENEFIT,0,B,,,0.00,22,0.00,4,4,00,65,T,00,65,00,65,100.0000,51.0000,26.5000,9.2500,9.2500,0.0000,0.0000,0.0000,0.0000,0.0000,1000.00,,03,T,,1,200,,T,B,0.00,0,,,A,N,,F,0,0,,,,,,,,,,,,,,,,,,,,"ACCIDENTAL DB - 960 LP85-M, 960 OL",,,,,,0,,NAPLAN,,
9POADB,0822 960PO,ACCIDENTAL DEATH BENEFIT,0,B,,,0.00,22,0.00,4,4,15,55,T,00,65,00,65,100.0000,51.0000,26.5000,9.2500,9.2500,0.0000,0.0000,0.0000,0.0000,0.0000,1000.00,,03,T,,1,200,,T,B,0.00,0,,,A,N,,N,N,N,N,N,N,N,N,N,N,N,N,N,N,N,N,N,N,N,N,N,,ACCIDENTAL DEATH BENEFIT - 960 PO,,,,,,0,,NAPLAN,,
9665WP,0823 665,WAIVER OF PREMIUM,0,B,,,0.00,22,0.00,4,4,15,50,T,00,60,00,60,100.0000,51.0000,26.5000,9.2500,9.2500,0.0000,0.0000,0.0000,0.0000,0.0000,1000.00,,10,T,,1,10,,T,B,0.00,0,,,A,N,,Y,Y,N,N,N,N,N,N,N,N,N,N,N,N,N,N,N,N,N,N,N,,WAIVER OF PREM - 665 STME95,,,,,,0,,NAPLAN,,
9896WP,0823 896,WAIVER OF PREMIUM,0,B,,,0.00,22,0.00,4,4,15,50,T,00,60,00,60,100.0000,51.0000,26.5000,9.2500,9.2500,0.0000,0.0000,0.0000,0.0000,0.0000,1000.00,,10,T,,1,1,,T,B,0.00,0,,,A,N,,F,0,0,,,,,,,,,,,,,,,,,,,,WAIVER OF PREMIUM - 665 STME95,,,,,,0,,NAPLAN,,
9085WP,0823 96085,WAIVER OF PREMIUM - LPU AT 85/88,0,B,,,0.00,22,0.00,4,4,15,55,T,00,60,00,60,100.0000,51.0000,26.5000,9.2500,9.2500,0.0000,0.0000,0.0000,0.0000,0.0000,1000.00,,03,T,,1,200,,T,B,0.00,0,,,A,N,,Y,Y,N,N,N,N,N,N,N,N,N,N,N,N,N,N,N,N,N,N,N,,WAIVER OF PREMIUM - 960 LP85-M,,,,,,0,,NAPLAN,,
960CWP,0823 960CH,WAIVER OF PREMIUM - CHILD,0,B,,,0.00,22,0.00,4,4,00,17,T,00,60,00,60,100.0000,51.0000,26.5000,9.2500,9.2500,0.0000,0.0000,0.0000,0.0000,0.0000,1000.00,,03,T,,1,200,,T,B,0.00,0,,,A,N,,N,N,N,N,N,N,N,N,N,N,N,N,N,N,N,N,N,N,N,N,N,,WAIVER OF PREMIUM - CHILD,,,,,,0,,NAPLAN,,
9065WP,0823 960LP,WAIVER OF PREMIUM,0,B,,,0.00,22,0.00,4,4,00,55,T,00,60,00,60,100.0000,51.0000,26.5000,9.2500,9.2500,0.0000,0.0000,0.0000,0.0000,0.0000,1000.00,,03,T,,1,200,,T,B,0.00,0,,,A,N,,Y,Y,N,N,N,N,N,N,N,N,N,N,N,N,N,N,N,N,N,N,N,,WAIVER OF PREMIUM - 960 LP65,,,,,,0,,NAPLAN,,
90OLWP,0823 960OL,WAIVER OF PREMIUM,0,B,,,0.00,22,0.00,4,4,15,55,T,00,60,00,60,100.0000,51.0000,26.5000,9.2500,9.2500,0.0000,0.0000,0.0000,0.0000,0.0000,1000.00,,03,T,,1,200,,T,B,0.00,0,,,A,N,,Y,Y,N,N,N,N,N,N,N,N,N,N,N,N,N,N,N,N,N,N,N,,WAIVER OF PREMIUM - 960 OL,,,,,,0,,NAPLAN,,
90POWP,0823 960PO,WAIVER OF PREMIUM,0,B,,,0.00,22,0.00,4,4,15,55,T,00,60,00,60,100.0000,51.0000,26.5000,9.2500,9.2500,0.0000,0.0000,0.0000,0.0000,0.0000,1000.00,,03,T,,1,200,,T,B,0.00,0,,,A,N,,F,0,0,,,,,,,,,,,,,,,,,,,,WAIVER OF PREMIUM - 960 PO,,,,,,0,,NAPLAN,,
960SWP,0823 960SP,WAIVER OF PREMIUM - SPOUSE,0,B,,,0.00,22,0.00,4,4,00,55,T,00,60,00,60,100.0000,51.0000,26.5000,9.2500,9.2500,0.0000,0.0000,0.0000,0.0000,0.0000,1000.00,,03,T,,1,200,,T,B,0.00,0,,,A,N,,N,N,N,N,N,N,N,N,N,N,N,N,N,N,N,N,N,N,N,N,N,,"SPOUSE WAIV OF PREM - 960 LP85-M, 960 PO",,,,,,0,,NAPLAN,,
94PDIS,0824 P DIS,& PAYOR DISABILITY RIDER,0,B,,,0.00,22,0.00,4,4,00,55,T,25,00,25,00,100.0000,51.0000,26.5000,9.2500,9.2500,0.0000,0.0000,0.0000,0.0000,0.0000,1000.00,,03,T,,2,10,,T,B,0.00,0,,,A,N,,F,0,0,,,,,,,,,,,,,,,,,,,,& PAYOR DISABILITY RIDER,,,,,,0,,NAPLAN,,
90PDTH,0824 P DTH,PAYOR DEATH,0,B,,,0.00,22,0.00,4,4,00,55,T,25,00,25,00,100.0000,51.0000,26.5000,9.2500,9.2500,0.0000,0.0000,0.0000,0.0000,0.0000,1000.00,,03,T,,1,1,,T,B,0.00,0,,,A,N,,N,N,N,N,N,N,N,N,N,N,N,N,N,N,N,N,N,N,N,N,N,,PAYOR DEATH - 960 OL,,,,,,0,,NAPLAN,,
17CSI3,10827 CSI3,CSI LIFE $3000,0,B,,,0.00,22,0.00,4,4,46,75,T,00,100,00,100,100.0000,51.0000,26.5000,9.2500,9.2500,0.0000,0.0000,0.0000,0.0000,0.0000,1000.00,,19,T,,3,3,,T,B,0.00,0,,,A,N,,Y,Y,N,Y,Y,N,N,N,N,N,N,N,N,N,N,N,N,N,N,N,N,,GRADED DEATH BENEFIT WL - 100% AFTER YR2,,,,,,0,,NAPLAN,,
17CSI5,10827 CSI5,CSI LIFE $5000,0,B,,,0.00,22,0.00,4,4,46,75,T,00,100,00,100,100.0000,51.0000,26.5000,9.2500,9.2500,0.0000,0.0000,0.0000,0.0000,0.0000,1000.00,,19,T,,5,5,,T,B,0.00,0,,,A,N,,Y,N,N,Y,Y,N,N,N,N,N,N,N,N,N,N,N,N,N,N,N,N,,GRADED DEATH BENEFIT WL - 100% AFTER YR2,,,,,,0,,NAPLAN,,
17CSI7,10827 CSI7,CSI LIFE $7500,0,B,,,0.00,22,0.00,4,4,46,75,T,00,100,00,100,100.0000,51.0000,26.5000,9.2500,9.2500,0.0000,0.0000,0.0000,0.0000,0.0000,1000.00,,19,T,,7,8,,T,B,0.00,0,,,A,N,,Y,Y,N,Y,Y,N,N,N,N,N,N,N,N,N,N,N,N,N,N,N,N,,GRADED DEATH BENEFIT WL - 100% AFTER YR2,,,,,,0,,NAPLAN,,
1CSIMN,10827 MN5K,CSI LIFE MN $5000,0,B,,,0.00,22,0.00,4,4,46,75,T,00,100,00,100,100.0000,51.0000,26.5000,9.2500,9.2500,0.0000,0.0000,0.0000,0.0000,0.0000,1000.00,,19,T,,5,5,,T,B,0.00,0,,,A,N,,Y,Y,N,Y,Y,N,N,N,N,N,N,N,N,N,N,N,N,N,N,N,N,,CSI LIFE MN $5000,,,,,,0,,NAPLAN,,
976658,1576 658,DISABILITY WAIVER OF PREMIUM RIDER,0,B,,,0.00,22,0.00,4,4,15,55,T,00,60,00,60,100.0000,51.0000,26.5000,9.2500,9.2500,0.0000,0.0000,0.0000,0.0000,0.0000,1000.00,,10,T,,25000,1000000,,T,B,0.00,0,,,A,N,,F,0,0,,,,,,,,,,,,,,,,,,,,DISABILITY WAIVER OF PREM - 658 CEN I,,,,,,0,,NAPLAN,,
976659,1576 659,DISABILITY WAIVER OF PREMIUM RIDER,0,B,,,0.00,22,0.00,4,4,15,55,T,00,60,00,60,100.0000,51.0000,26.5000,9.2500,9.2500,0.0000,0.0000,0.0000,0.0000,0.0000,1000.00,,10,T,,25000,1000000,,T,B,0.00,0,,,A,N,,F,0,0,,,,,,,,,,,,,,,,,,,,DISABILITY WAIVER OF PREM - 659 CEN II,,,,,,0,,NAPLAN,,
977ADB,1577 ADB,ACCIDENTAL DEATH BENEFIT RIDER,0,B,,,0.00,22,0.00,4,4,15,60,T,00,65,00,65,100.0000,51.0000,26.5000,9.2500,9.2500,0.0000,0.0000,0.0000,0.0000,0.0000,1000.00,,03,T,,25000,200000,,T,B,0.00,0,,,A,N,,N,N,N,N,N,N,N,N,N,N,N,N,N,N,N,N,N,N,N,N,N,,"ACCIDENTAL DB - 658 CEN I, 659 CEN II",,,,,,0,,NAPLAN,,
578CTR,1578 CTR,DEPENDENT CHILD TERM RIDER,0,B,,,0.00,22,0.00,4,4,00,24,T,00,25,00,25,100.0000,51.0000,26.5000,9.2500,9.2500,0.0000,0.0000,0.0000,0.0000,0.0000,1000.00,,06,T,,1,3,,T,B,0.00,0,,,A,N,,N,N,N,N,N,N,N,N,N,N,N,N,N,N,N,N,N,N,N,N,N,,DEPENDENT CTR - 658 CEN I,,,,,,0,,NAPLAN,,
778FTR,1578 FTR,FAMILY TERM RIDER,0,B,,,0.00,22,0.00,4,4,18,59,T,00,65,00,65,100.0000,51.0000,26.5000,9.2500,9.2500,0.0000,0.0000,0.0000,0.0000,0.0000,1000.00,,06,T,,1,3,,T,B,0.00,0,,,A,N,,Y,N,N,N,N,N,N,N,N,Y,N,N,N,N,N,N,N,N,N,N,N,,"FTR - 658 CEN I, 658 CEN SD, 659 CEN II",,,,,,0,,NAPLAN,,
578STR,1578 SPSPU,PAID UP SPOUSE TERM RIDER,0,B,,,0.00,22,0.00,4,4,18,65,T,00,65,00,65,100.0000,51.0000,26.5000,9.2500,9.2500,0.0000,0.0000,0.0000,0.0000,0.0000,1000.00,,06,T,,1,3,,T,B,0.00,0,,,A,N,,Y,N,N,N,Y,N,N,N,N,N,N,N,N,N,N,N,N,N,N,N,N,,PAID UP SPOUSE TERM RIDER,,,,,,0,,NAPLAN,,
9CTRWP,1578CTR WP,1578 CTR WAIVER OF PREMIUM,0,B,,,0.00,22,0.00,4,4,00,24,T,00,25,00,25,100.0000,51.0000,26.5000,9.2500,9.2500,0.0000,0.0000,0.0000,0.0000,0.0000,1000.00,,10,T,,1,3,,T,B,0.00,0,,,A,N,,N,N,N,N,N,N,N,N,N,N,N,N,N,N,N,N,N,N,N,N,N,,1578 CTR WAIVER OF PREMIUM,,,,,,0,,NAPLAN,,
9FTRWP,1578FTR WP,1578 FTR WAIVER OF PREMIUM,0,B,,,0.00,22,0.00,4,4,18,59,T,00,65,00,65,100.0000,51.0000,26.5000,9.2500,9.2500,0.0000,0.0000,0.0000,0.0000,0.0000,1000.00,,10,T,,1,3,,T,B,0.00,0,,,A,N,,N,N,N,N,N,N,N,N,N,N,N,N,N,N,N,N,N,N,N,N,N,,"FTR WAIV OF PREM - 658 CEN I, 659 CEN II",,,,,,0,,NAPLAN,,
9GPO79,1579 GPO,GUARANTEED PURCHASE OPTION RIDER,0,B,,,0.00,22,0.00,4,4,00,40,T,08,00,08,00,100.0000,51.0000,26.5000,9.2500,9.2500,0.0000,0.0000,0.0000,0.0000,0.0000,1000.00,,10,T,,12500,100000,,T,B,0.00,0,,,A,N,,N,N,N,N,N,N,N,N,N,N,N,N,N,N,N,N,N,N,N,N,N,,GUARANTEED PURCHASE OPTION RIDER,,,,,,0,,NAPLAN,,
980JPO,1580 JPO,JUVENILE FUTURE PURCHASE OPTION RIDER,0,B,,,0.00,22,0.00,4,4,00,21,T,00,40,00,40,100.0000,51.0000,26.5000,9.2500,9.2500,0.0000,0.0000,0.0000,0.0000,0.0000,1000.00,,10,T,,25000,50000,,T,B,0.00,0,,,A,N,,N,N,N,N,N,N,N,N,N,N,N,N,N,N,N,N,N,N,N,N,N,,"JUV FUT PURCH OP - 658 CEN I, 659 CEN II",,,,,,0,,NAPLAN,,
9595WP,1595,DISABILITY WAIVER OF PREMIUM,0,B,,,0.00,22,0.00,4,4,18,59,T,00,60,00,60,100.0000,51.0000,26.5000,9.2500,9.2500,0.0000,0.0000,0.0000,0.0000,0.0000,1000.00,,07,T,,5000,10000000,,T,B,0.00,0,,,A,N,,Y,Y,N,N,N,N,N,N,N,N,N,N,N,N,N,N,N,N,N,N,N,,DISABILITY WAVIER OF PREM - 667 ART,,,,,,0,,NAPLAN,,
996ADB,1596,ACCIDENTAL DEATH BENEFIT RIDER,0,B,,,0.00,22,0.00,4,4,00,60,T,00,65,00,65,100.0000,51.0000,26.5000,9.2500,9.2500,0.0000,0.0000,0.0000,0.0000,0.0000,1000.00,,08,T,,50000,1000000,,T,B,0.00,0,,,A,N,,F,0,0,,,,,,,,,,,,,,,,,,,,"ACCIDENTAL DB - L05 10Y LT, L07 5Y LT",,,,,,0,,NAPLAN,,
967ADB,1596 667,ACCIDENTAL DEATH BENEFIT RIDER,0,B,,,0.00,22,0.00,4,4,15,60,T,00,65,00,65,100.0000,51.0000,26.5000,9.2500,9.2500,0.0000,0.0000,0.0000,0.0000,0.0000,1000.00,,07,T,,5000,200000,,T,B,0.00,0,,,A,N,,N,N,N,N,N,N,N,N,N,N,N,N,N,N,N,N,N,N,N,N,N,,ACCIDENTAL DEATH BENEFIT RIDER,,,,,,0,,NAPLAN,,
901ADB,1596 L01,ACCIDENTAL DEATH BENEFIT RIDER,0,B,,,0.00,22,0.00,4,4,00,60,T,00,65,00,65,100.0000,51.0000,26.5000,9.2500,9.2500,0.0000,0.0000,0.0000,0.0000,0.0000,1000.00,,08,T,,0,1000000,,T,B,0.00,0,,,A,N,,N,N,N,N,N,N,N,N,N,N,N,N,N,N,N,N,N,N,N,N,N,,ACCIDENTAL DB RIDER -  L01 10Y LT,,,,,,0,,NAPLAN,,
719CTR,619 CH PU,DECR TERM PAID UP FOR CHILD,0,B,,,0.00,22,0.00,4,4,00,22,T,00,22,00,22,100.0000,51.0000,26.5000,9.2500,9.2500,0.0000,0.0000,0.0000,0.0000,0.0000,1000.00,,09,T,,1,1,,T,B,0.00,0,,,A,N,,Y,N,N,N,Y,N,N,N,N,N,N,N,N,N,N,N,N,N,N,N,N,,DECR TERM PAID UP FOR CHILD,,,,,,0,,NAPLAN,,
7619DT,619 DT,DECREASING TERM,0,B,,,0.00,22,0.00,4,4,00,59,T,00,65,00,65,100.0000,51.0000,26.5000,9.2500,9.2500,0.0000,0.0000,0.0000,0.0000,0.0000,1000.00,,09,T,,1,1,,T,B,0.00,0,,,A,N,,Y,N,N,N,Y,N,N,N,N,N,N,N,N,N,N,N,N,N,N,N,N,,DECREASING TERM TO AGE 65,,,,,,0,,NAPLAN,,
719CDT,619 DT CH,CHILD DECREASING TERM,0,B,,,0.00,22,0.00,4,4,00,22,T,00,23,00,23,100.0000,51.0000,26.5000,9.2500,9.2500,0.0000,0.0000,0.0000,0.0000,0.0000,1000.00,,09,T,,1,1,,T,B,0.00,0,,,A,N,,N,N,N,N,N,N,N,N,N,N,N,N,N,N,N,N,N,N,N,N,N,,CHILD DECREASING TERM - 619 DT,,,,,,0,,NAPLAN,,
719SDT,619 DT SP,SPOUSE DECREASING TERM,0,B,,,0.00,22,0.00,4,4,00,59,T,00,65,00,65,100.0000,51.0000,26.5000,9.2500,9.2500,0.0000,0.0000,0.0000,0.0000,0.0000,1000.00,,09,T,,1,1,,T,B,0.00,0,,,A,N,,Y,N,N,N,Y,N,N,N,N,N,N,N,N,N,N,N,N,N,N,N,N,,SPOUSE DECREASING TERM - 619 DT,,,,,,0,,NAPLAN,,
7619PU,619 SPS PU,DECREASING TERM PAID UP FOR SPOUSE,0,B,,,0.00,22,0.00,4,4,00,65,T,00,65,00,65,100.0000,51.0000,26.5000,9.2500,9.2500,0.0000,0.0000,0.0000,0.0000,0.0000,1000.00,,09,T,,1,1,,T,B,0.00,0,,,A,N,,Y,N,N,N,Y,N,N,N,N,N,N,N,N,N,N,N,N,N,N,N,N,,DECREASING TERM TO AGE 65,,,,,,0,,NAPLAN,,
221END,621 END85,ENDOWMENT AT AGE 85,0,B,,,0.00,22,0.00,4,4,15,60,T,00,85,00,85,100.0000,51.0000,26.5000,9.2500,9.2500,0.0000,0.0000,0.0000,0.0000,0.0000,1000.00,,03,T,,1,1000,,T,B,0.00,0,,,A,N,,Y,N,N,N,Y,N,N,N,N,N,N,N,N,N,N,N,N,N,N,N,N,,ENDOWMENT AT AGE 85,,,,,,0,,NAPLAN,,
121PUA,621 PUA,PAID UP ADDS - ENDOWMENT AT AGE 85,0,B,,,0.00,22,0.00,4,4,15,60,T,00,85,00,85,100.0000,51.0000,26.5000,9.2500,9.2500,0.0000,0.0000,0.0000,0.0000,0.0000,1000.00,,03,T,,0,99,,T,B,0.00,0,,,A,N,,N,N,N,N,N,N,N,N,N,N,N,N,N,N,N,N,N,N,N,N,N,,PAID UP ADDS - ENDOWMENT AT AGE 85,,,,,,0,,NAPLAN,,
222END,622 END85,20 PAY ENDOWMENT AT AGE 85,0,B,,,0.00,22,0.00,4,4,00,60,T,20,00,00,85,100.0000,51.0000,26.5000,9.2500,9.2500,0.0000,0.0000,0.0000,0.0000,0.0000,1000.00,,03,T,,1,1000,,T,B,0.00,0,,,A,N,,Y,N,N,N,Y,N,N,N,N,N,N,N,N,N,N,N,N,N,N,N,N,,"ENDOWMENT AT AGE 85, PREM PAY FOR 20YR",,,,,,0,,NAPLAN,,
130JEB,630 JEB,JUVENILE ESTATE BUILDER LIFE PD UP AT 65,0,B,,,0.00,22,0.00,4,4,00,14,T,00,65,100,00,100.0000,51.0000,26.5000,9.2500,9.2500,0.0000,0.0000,0.0000,0.0000,0.0000,1000.00,,03,T,,1,10,,T,B,0.00,0,,,A,N,,Y,N,N,N,Y,N,N,N,N,N,N,N,N,N,N,N,N,N,N,N,N,,JUVENILE ESTATE BUILDER LIFE PD UP AT 65,,,,,,0,,NAPLAN,,
5646AT,646 ART,ANNUAL RENEWABLE TERM,0,B,,,0.00,22,0.00,4,4,20,60,T,00,69,00,69,100.0000,51.0000,26.5000,9.2500,9.2500,0.0000,0.0000,0.0000,0.0000,0.0000,1000.00,,03,T,,50000,10000000,,T,B,0.00,0,,,A,N,,Y,N,N,N,Y,N,Y,N,N,N,N,Y,N,N,N,N,N,N,N,N,N,,ANNUAL RENEWABLE TERM,,,,,,0,,NAPLAN,,
7647FP,647 FLP,FAMILY LIFE DECREASING TERM,0,B,,,0.00,22,0.00,4,4,20,60,T,00,69,00,69,100.0000,51.0000,26.5000,9.2500,9.2500,0.0000,0.0000,0.0000,0.0000,0.0000,1000.00,,03,T,,1,1,,T,B,0.00,0,,,A,N,,Y,N,N,N,Y,N,N,N,N,N,N,N,N,N,N,N,N,N,N,N,N,,FAMILY LIFE DECR TERM - 647 FLP,,,,,,0,,NAPLAN,,
7647CH,647 FLP CH,CHILD - FAMILY LIFE DECREASING TERM,0,B,,,0.00,22,0.00,4,4,20,60,T,00,69,00,69,100.0000,51.0000,26.5000,9.2500,9.2500,0.0000,0.0000,0.0000,0.0000,0.0000,1000.00,,03,T,,1,1,,T,B,0.00,0,,,A,N,,F,0,0,,,,,,,,,,,,,,,,,,,,CHILD FAMILY DECR TERM - 647 FLP,,,,,,0,,NAPLAN,,
7647SP,647 FLP SP,SPOUSE - FAMILY LIFE DECREASING TERM,0,B,,,0.00,22,0.00,4,4,20,60,T,00,69,00,69,100.0000,51.0000,26.5000,9.2500,9.2500,0.0000,0.0000,0.0000,0.0000,0.0000,1000.00,,03,T,,1,1,,T,B,0.00,0,,,A,N,,N,N,N,N,N,N,N,N,N,N,N,N,N,N,N,N,N,N,N,N,N,,SPOUSE FAMILY LIFE DECR TERM - 647 FLP,,,,,,0,,NAPLAN,,
1658C1,658 CEN I,INTEREST-SENSITIVE WHOLE LIFE,0,B,,,0.00,22,0.00,4,4,01,75,T,00,100,00,100,100.0000,51.0000,26.5000,9.2500,9.2500,0.0000,0.0000,0.0000,0.0000,0.0000,1000.00,,06,T,,0,999999999,,T,B,0.00,0,,,A,N,,Y,N,N,Y,Y,N,N,N,Y,Y,N,N,N,N,N,N,N,N,N,N,N,,"CENSI-LIFE I: WL, CV, LOAN OPTIONS, GDB",,,,,,0,,NAPLAN,,
1658CS,658 CEN SD,INTEREST-SENSITIVE WHOLE LIFE,0,B,,,0.00,22,0.00,4,4,01,75,T,00,100,00,100,100.0000,51.0000,26.5000,9.2500,9.2500,0.0000,0.0000,0.0000,0.0000,0.0000,1000.00,,06,T,,0,100000,,T,B,0.00,0,,,A,N,,Y,Y,N,Y,Y,N,Y,N,N,N,N,N,N,N,N,N,N,N,N,N,N,,"CENSI-LIFE I: WL, FIXED PREMIUM",,,,,,0,,NAPLAN,,
1659C2,659 CEN II,INTEREST-SENSITIVE WHOLE LIFE,0,B,,,0.00,22,0.00,4,4,00,85,T,00,100,00,100,100.0000,51.0000,26.5000,9.2500,9.2500,0.0000,0.0000,0.0000,0.0000,0.0000,1000.00,,05,T,,0,999999999,,T,B,0.00,0,,,A,N,,Y,N,N,Y,Y,N,N,N,N,Y,N,N,N,N,N,N,N,N,N,N,N,,"CENSI-LIFE II: WL, FIXED PREM OP, VAN",,,,,,0,,NAPLAN,,
1659CS,659 CEN SD,INTEREST-SENSITIVE WHOLE LIFE,0,B,,,0.00,22,0.00,4,4,00,75,T,00,100,00,100,100.0000,51.0000,26.5000,9.2500,9.2500,0.0000,0.0000,0.0000,0.0000,0.0000,1000.00,,05,T,,0,100000,,T,B,0.00,0,,,A,N,,Y,N,N,Y,Y,N,N,N,N,N,N,N,N,N,N,N,N,N,N,N,N,,"CENSI-LIFE II: FIXED PREM OP, VAN, GDB",,,,,,0,,NAPLAN,,
1659CR,659 CEN SR,INTEREST-SENSITIVE WHOLE LIFE,0,B,,,0.00,22,0.00,4,4,00,85,T,00,100,00,100,100.0000,51.0000,26.5000,9.2500,9.2500,0.0000,0.0000,0.0000,0.0000,0.0000,1000.00,,16,T,,0,20000,,T,B,0.00,0,,,A,N,,Y,N,N,Y,Y,N,N,N,N,N,N,N,N,N,N,N,N,N,N,N,N,,"CENSI-LIFE II: WL, FIXED PREM OP, VAN",,,,,,0,,NAPLAN,,
1659SR,659 SR GD,INTEREST-SENSITIVE WHOLE LIFE,0,B,,,0.00,22,0.00,4,4,00,85,T,00,100,00,100,100.0000,51.0000,26.5000,9.2500,9.2500,0.0000,0.0000,0.0000,0.0000,0.0000,1000.00,,16,T,,0,6000,,T,B,0.00,0,,,A,N,,Y,N,N,Y,Y,N,N,N,N,N,N,N,N,N,N,N,N,N,N,N,N,,"CENSI-LIFE II: VAN PREM, LOAN OP, GDB",,,,,,0,,NAPLAN,,
265PUA,665 PUA,PAID UP ADDS - STATESMAN MOD ENDOW AT 95,0,B,,,0.00,22,0.00,4,4,00,50,T,00,95,00,95,100.0000,51.0000,26.5000,9.2500,9.2500,0.0000,0.0000,0.0000,0.0000,0.0000,1000.00,,03,T,,0,99,,T,B,0.00,0,,,A,N,,N,N,N,N,N,N,N,N,N,N,N,N,N,N,N,N,N,N,N,N,N,,PUAS FOR 665 STME95,,,,,,0,,NAPLAN,,
2665ST,665 STME95,STATESMAN MOD ENDOW AT 95,0,B,,,0.00,22,0.00,4,4,00,50,T,00,95,00,95,100.0000,51.0000,26.5000,9.2500,9.2500,0.0000,0.0000,0.0000,0.0000,0.0000,1000.00,,03,T,,1,10,,T,B,0.00,0,,,A,N,,Y,N,N,N,Y,N,N,N,N,N,N,N,N,N,N,N,N,N,N,N,N,,MODIFIED PREMIUM ENDOWMENT AT AGE 95,,,,,,0,,NAPLAN,,
1666WL,666 WL,MULTIPLE INSUREDS WHOLE LIFE,0,B,,,0.00,22,0.00,4,4,00,75,T,100,00,100,00,100.0000,51.0000,26.5000,9.2500,9.2500,0.0000,0.0000,0.0000,0.0000,0.0000,1000.00,,03,T,,1000,10000000,,T,B,0.00,0,,,A,N,,Y,N,N,N,Y,N,N,N,N,N,N,N,N,N,N,N,N,N,N,N,N,,"WL, GUAR RATES & CV, DB INCREASES",,,,,,0,,NAPLAN,,
5667AT,667 ART,ANNUAL RENEWABLE TERM,0,B,,,0.00,22,0.00,4,4,00,75,T,00,100,00,100,100.0000,51.0000,26.5000,9.2500,9.2500,0.0000,0.0000,0.0000,0.0000,0.0000,1000.00,,07,T,,5000,10000000,,T,B,0.00,0,,,A,N,,Y,N,N,N,N,N,Y,N,N,N,N,Y,N,N,N,N,N,N,N,N,N,,ANNUAL RENEWABLE TERM,,,,,,0,,NAPLAN,,
57ATCR,667 ART CR,ART PREFERRED CREDIT LIFE,0,B,,,0.00,22,0.00,4,4,00,75,T,00,100,00,100,100.0000,51.0000,26.5000,9.2500,9.2500,0.0000,0.0000,0.0000,0.0000,0.0000,1000.00,,07,T,,5000,10000000,,T,B,0.00,0,,,A,N,,N,N,N,N,N,N,N,N,N,N,N,N,N,N,N,N,N,N,N,N,N,,ART PREFERRED CREDIT LIFE,,,,,,0,,NAPLAN,,
1668SP,668 SPWL,SINGLE PREMIUM WHOLE LIFE,0,B,,,0.00,22,0.00,4,4,01,85,T,00,00,00,100,100.0000,51.0000,26.5000,9.2500,9.2500,0.0000,0.0000,0.0000,0.0000,0.0000,1000.00,,11,T,,1000,1000000,,T,B,0.00,0,,,A,N,,Y,N,N,Y,N,N,N,N,N,N,N,N,N,N,N,N,N,N,N,N,N,,SINGLE PREMIUM WHOLE LIFE,,,,,,0,,NAPLAN,,
1669SR,669 SR GD,INTEREST-SENSITIVE WHOLE LIFE,0,B,,,0.00,22,0.00,4,4,50,85,T,00,100,00,100,100.0000,51.0000,26.5000,9.2500,9.2500,0.0000,0.0000,0.0000,0.0000,0.0000,1000.00,,16,T,,0,99,,T,B,0.00,0,,,A,N,,Y,Y,N,Y,N,N,Y,N,N,N,N,N,N,N,N,N,N,N,N,N,N,,INTEREST-SENSITIVE WHOLE LIFE,,,,,,0,,NAPLAN,,
170858,670 GL85-8,LIFE PAID UP AT 85/88,0,B,,,0.00,22,0.00,4,4,00,70,T,00,88,00,100,100.0000,51.0000,26.5000,9.2500,9.2500,0.0000,0.0000,0.0000,0.0000,0.0000,1000.00,,03,T,,2,50,,T,B,0.00,0,,,A,N,,Y,N,N,Y,Y,Y,N,N,N,N,N,N,N,N,N,N,N,N,N,N,N,,LIFE POLICY - PAID UP M AGE 85 F AGE 88,,,,,,0,,NAPLAN,,
170588,670 GL8588,LIFE PAID UP AT 85/88,0,B,,,0.00,22,0.00,4,4,00,70,T,00,88,00,100,100.0000,51.0000,26.5000,9.2500,9.2500,0.0000,0.0000,0.0000,0.0000,0.0000,1000.00,,03,T,,0,99,,T,B,0.00,0,,,A,N,,Y,N,N,Y,N,N,N,N,N,N,N,N,N,N,N,N,N,N,N,N,N,,LIFE POLICY - PAID UP M AGE 85 F AGE 88,,,,,,0,,NAPLAN,,
17085M,670 GL85-M,LIFE PAID UP AT 85/88,0,B,,,0.00,22,0.00,4,4,00,70,T,00,85,00,100,100.0000,51.0000,26.5000,9.2500,9.2500,0.0000,0.0000,0.0000,0.0000,0.0000,1000.00,,03,T,,2,50,,T,B,0.00,0,,,A,N,,F,0,0,,,,,,,,,,,,,,,,,,,,LIFE POLICY - PAID UP M AGE 85 F AGE 88,,,,,,0,,NAPLAN,,
170PUA,670 PUA,PAID UP ADDS - LIFE PAID UP AT 85/88,0,B,,,0.00,22,0.00,4,4,00,70,T,00,88,00,100,100.0000,51.0000,26.5000,9.2500,9.2500,0.0000,0.0000,0.0000,0.0000,0.0000,1000.00,,03,T,,0,99,,T,B,0.00,0,,,A,N,,Y,N,N,Y,Y,N,N,N,N,N,N,N,N,N,N,N,N,N,N,N,N,,"PUAS FOR 670 GL 8588, 85-8, 85-M",,,,,,0,,NAPLAN,,
1679CS,679 CEN SD,INTEREST-SENSITIVE WHOLE LIFE,0,B,,,0.00,22,0.00,4,4,00,65,T,00,100,00,100,100.0000,51.0000,26.5000,9.2500,9.2500,0.0000,0.0000,0.0000,0.0000,0.0000,1000.00,,06,T,,0,100000,,T,B,0.00,0,,,A,N,,N,N,N,N,N,N,N,N,N,N,N,N,N,N,N,N,N,N,N,N,N,,"CHOICE PLUS: VAN PREM, EMPL SPON, LOANS",,,,,,0,,NAPLAN,,
7686S3,686S 30MRG,DECREASING TERM LIFE,0,B,,,0.00,22,0.00,4,4,20,65,T,30,00,30,00,100.0000,51.0000,26.5000,9.2500,9.2500,0.0000,0.0000,0.0000,0.0000,0.0000,1000.00,,07,T,,25000,1000000,,T,B,0.00,0,,,A,N,,Y,N,N,N,Y,N,N,N,N,Y,N,N,N,N,N,N,N,N,N,N,N,,DECREASING TERM LIFE,,,,,,0,,NAPLAN,,
7687J3,687J 30MRG,JOINT DECREASING TERM LIFE,0,J,,,0.00,22,0.00,4,4,20,65,T,30,00,30,00,100.0000,51.0000,26.5000,9.2500,9.2500,0.0000,0.0000,0.0000,0.0000,0.0000,1000.00,,07,T,,25000,1000000,,T,B,0.00,0,,,A,N,,Y,Y,N,N,Y,N,Y,N,N,N,N,Y,N,N,N,N,N,N,N,N,N,,JOINT DECREASING TERM LIFE,,,,,,0,,NAPLAN,,
7690DT,690 DT 65,DEC TERM TO 65 CONVERTIBLE,0,B,,,0.00,22,0.00,4,4,00,65,T,00,65,00,65,100.0000,51.0000,26.5000,9.2500,9.2500,0.0000,0.0000,0.0000,0.0000,0.0000,1000.00,,03,T,,1,2,,T,B,0.00,0,,,A,N,,Y,N,N,N,Y,N,N,N,N,N,N,N,N,N,N,N,N,N,N,N,N,,DEC TERM TO 65 CONVERTIBLE,,,,,,0,,NAPLAN,,
934SWP,8034 30MRG,DISABILITY WAIVER OF PREMIUM 30MRG,0,B,,,0.00,22,0.00,4,4,18,59,T,00,60,00,60,100.0000,51.0000,26.5000,9.2500,9.2500,0.0000,0.0000,0.0000,0.0000,0.0000,1000.00,,07,T,,5000,10000000,,T,B,0.00,0,,,A,N,,Y,Y,N,N,N,N,Y,N,N,N,N,N,N,N,N,N,N,N,N,N,N,,DISABILITY WAIVER OF PREMIUM 30MRG,,,,,,0,,NAPLAN,,
934JWP,8034 J30MT,DISABILITY WAIVER OF PREMIUM JOINT 30 MT,0,B,,,0.00,22,0.00,4,4,18,59,T,00,60,00,60,100.0000,51.0000,26.5000,9.2500,9.2500,0.0000,0.0000,0.0000,0.0000,0.0000,1000.00,,07,T,,5000,10000000,,T,B,0.00,0,,,A,N,,Y,N,N,N,N,N,Y,N,N,N,N,N,N,N,N,N,N,N,N,N,N,,DISABILITY WAIVER OF PREMIUM JOINT 30 MT,,,,,,0,,NAPLAN,,
542STR,8042 STR,SPOUSE TERM RIDER,0,B,,,0.00,22,0.00,4,4,18,64,T,00,65,00,65,100.0000,51.0000,26.5000,9.2500,9.2500,0.0000,0.0000,0.0000,0.0000,0.0000,1000.00,,05,T,,1,20,,T,B,0.00,0,,,A,N,,Y,N,N,N,N,N,N,N,N,Y,N,N,N,N,N,N,N,N,N,N,N,,SPOUSE TERM RIDER - 658 CEN I,,,,,,0,,NAPLAN,,
9STRWP,8042STR WP,8042 STR WAIVER OF PREMIUM,0,B,,,0.00,22,0.00,4,4,18,64,T,00,65,00,65,100.0000,51.0000,26.5000,9.2500,9.2500,0.0000,0.0000,0.0000,0.0000,0.0000,1000.00,,10,T,,1,20,,T,B,0.00,0,,,A,N,,N,N,N,N,N,N,N,N,N,N,N,N,N,N,N,N,N,N,N,N,N,,STR WAIVER OF PREMIUM - 658 CEN I,,,,,,0,,NAPLAN,,
543CTR,8043 CTR,DEPENDENT CHILD TERM RIDER,0,B,,,0.00,22,0.00,4,4,00,24,T,00,25,00,25,100.0000,51.0000,26.5000,9.2500,9.2500,0.0000,0.0000,0.0000,0.0000,0.0000,1000.00,,05,T,,1,5,,T,B,0.00,0,,,A,N,,Y,N,N,N,N,N,N,N,N,Y,N,N,N,N,N,N,N,N,N,N,N,,DEPENDENT CHILD TERM RIDER,,,,,,0,,NAPLAN,,
943CWP,8043CTR WP,8043 CTR WAIVER OF PREMIUM,0,B,,,0.00,22,0.00,4,4,00,24,T,00,25,00,25,100.0000,51.0000,26.5000,9.2500,9.2500,0.0000,0.0000,0.0000,0.0000,0.0000,1000.00,,10,T,,1,5,,T,B,0.00,0,,,A,N,,N,N,N,N,N,N,N,N,N,N,N,N,N,N,N,N,N,N,N,N,N,,8043 CTR WAIVER OF PREMIUM,,,,,,0,,NAPLAN,,
9JPO46,8046 JPO,JUVENILE FUTURE PURCHASE OPTION RIDER,0,B,,,0.00,22,0.00,4,4,00,21,T,00,40,00,40,100.0000,51.0000,26.5000,9.2500,9.2500,0.0000,0.0000,0.0000,0.0000,0.0000,1000.00,,05,T,,25000,25000,,T,B,0.00,0,,,A,N,,N,N,N,N,N,N,N,N,N,N,N,N,N,N,N,N,N,N,N,N,N,,JUVENILE FUTURE PURCHASE OPTION RIDER,,,,,,0,,NAPLAN,,
9L05WP,8115,DISABILITY WAIVER OF PREMIUM RIDER,0,B,,,0.00,22,0.00,4,4,18,59,T,00,60,00,60,100.0000,51.0000,26.5000,9.2500,9.2500,0.0000,0.0000,0.0000,0.0000,0.0000,1000.00,,08,T,,50000,1000000,,T,B,0.00,0,,,A,N,,Y,Y,N,N,N,N,Y,N,N,N,N,N,N,N,N,N,N,N,N,N,N,,DISABILITY WAIVER OF PREMIUM - L05 10YLT,,,,,,0,,NAPLAN,,
9L01WP,8115 L01,DISABILITY WAIVER OF PREMIUM RIDER,0,B,,,0.00,22,0.00,4,4,18,59,T,00,60,00,60,100.0000,51.0000,26.5000,9.2500,9.2500,0.0000,0.0000,0.0000,0.0000,0.0000,1000.00,,08,T,,0,1000000,,T,B,0.00,0,,,A,N,,Y,Y,N,N,N,N,Y,N,N,N,N,N,N,N,N,N,N,N,N,N,N,,DISABILITY WAIVER OF PREMIUM - L01 10YLT,,,,,,0,,NAPLAN,,
560STR,826,PAID UP SPOUSE TERM RIDER,0,B,,,0.00,22,0.00,4,4,00,65,T,00,65,00,65,100.0000,51.0000,26.5000,9.2500,9.2500,0.0000,0.0000,0.0000,0.0000,0.0000,1000.00,,03,T,,1,10,,T,B,0.00,0,,,A,N,,N,N,N,N,N,N,N,N,N,N,N,N,N,N,N,N,N,N,N,N,N,,"PAID UP STR - 960 LP85-M, 960 OL, 960 PO",,,,,,0,,NAPLAN,,
528CTR,828,CHILD'S TERM INSURANCE,0,B,,,0.00,22,0.00,4,4,00,17,T,00,60,00,60,100.0000,51.0000,26.5000,9.2500,9.2500,0.0000,0.0000,0.0000,0.0000,0.0000,1000.00,,03,T,,1,5,,T,B,0.00,0,,,A,N,,N,N,N,N,N,N,N,N,N,N,N,N,N,N,N,N,N,N,N,N,N,,"CTR FOR 960 LP65, 960 OL, 960 PO",,,,,,0,,NAPLAN,,
986JPO,8286 GI 1,JUVENILE FUTURE PURCHASE OPTION,0,B,,,0.00,22,0.00,4,4,00,18,T,00,00,00,40,100.0000,51.0000,26.5000,9.2500,9.2500,0.0000,0.0000,0.0000,0.0000,0.0000,1000.00,,12,T,,0,99,,T,B,0.00,0,,,A,N,,F,0,0,,,,,,,,,,,,,,,,,,,,JUV FUTURE PURCHASE OPTION - L17,,,,,,0,,NAPLAN,,
982JPO,8286 GI 2+,JUVENILE FUTURE PURCHASE OPTION,0,B,,,0.00,22,0.00,4,4,00,18,T,00,00,00,40,100.0000,51.0000,26.5000,9.2500,9.2500,0.0000,0.0000,0.0000,0.0000,0.0000,1000.00,,12,T,,0,99,,T,B,0.00,0,,,A,N,,N,N,N,N,N,N,N,N,N,N,N,N,N,N,N,N,N,N,N,N,N,,JUV FUTURE PURCHASE OPTION - L17,,,,,,0,,NAPLAN,,
A60MIR,863,MONTHLY INCOME RIDER,0,B,,,0.00,22,0.00,4,4,15,55,T,00,65,00,65,100.0000,51.0000,26.5000,9.2500,9.2500,0.0000,0.0000,0.0000,0.0000,0.0000,1000.00,,03,T,,4,100,,T,B,0.00,0,,,A,N,,Y,Y,N,N,N,N,N,N,N,N,N,N,N,N,N,N,N,N,N,N,N,,"MONTHLY INCOME RIDER- 960 LP85-M, 960 PO",,,,,,0,,NAPLAN,,
960GIO,889 960,960 GUARANTEE INSURABILITY OPTION,0,B,,,0.00,22,0.00,4,4,00,37,T,00,40,00,40,100.0000,51.0000,26.5000,9.2500,9.2500,0.0000,0.0000,0.0000,0.0000,0.0000,1000.00,,03,T,,1,10,,T,B,0.00,0,,,A,N,,N,N,N,N,N,N,N,N,N,N,N,N,N,N,N,N,N,N,N,N,N,,GUARANTEE INSURABILITY OPTION - 960 OL,,,,,,0,,NAPLAN,,
A96DAR,896 DAR,DEPOSIT ANNUITY RIDER,0,B,,,0.00,22,0.00,4,4,00,50,T,00,65,00,65,100.0000,51.0000,26.5000,9.2500,9.2500,0.0000,0.0000,0.0000,0.0000,0.0000,1000.00,,03,T,,0,9999,,T,B,0.00,0,,,A,N,,N,N,N,N,N,N,N,N,N,N,N,N,N,N,N,N,N,N,N,N,N,,DEPOSIT ANNUITY RIDER - 665 STME95,,,,,,0,,NAPLAN,,
1666AI,897 666,ADDITIONAL INSUREDS 666 WL,0,B,,,0.00,22,0.00,4,4,00,75,T,100,00,100,00,100.0000,51.0000,26.5000,9.2500,9.2500,0.0000,0.0000,0.0000,0.0000,0.0000,1000.00,,03,T,,1000,10000000,,T,B,0.00,0,,,A,N,,N,N,N,N,N,N,N,N,N,N,N,N,N,N,N,N,N,N,N,N,N,,ADDITIONAL INSUREDS 666 WL,,,,,,0,,NAPLAN,,
165PUA,960 65 PUA,PAID UP ADDS - LIFE PAID UP AT AGE 65,0,B,,,0.00,22,0.00,4,4,00,70,T,00,65,100,00,100.0000,51.0000,26.5000,9.2500,9.2500,0.0000,0.0000,0.0000,0.0000,0.0000,1000.00,,03,T,,0,99,,T,B,0.00,0,,,A,N,,N,N,N,N,N,N,N,N,N,N,N,N,N,N,N,N,N,N,N,N,N,,PUAS FOR 960 LP65,,,,,,0,,NAPLAN,,
185PUA,960 LP PUA,PAID UP ADDS - LIFE PU AT AGE 85-88,0,B,,,0.00,22,0.00,4,4,00,70,T,00,88,00,100,100.0000,51.0000,26.5000,9.2500,9.2500,0.0000,0.0000,0.0000,0.0000,0.0000,1000.00,,03,T,,0,99,,T,B,0.00,0,,,A,N,,Y,N,N,Y,Y,N,N,N,N,N,N,N,N,N,N,N,N,N,N,N,N,,PUA - 960 LP85-M,,,,,,0,,NAPLAN,,
196065,960 LP65,LIFE PAID UP AT AGE 65,0,B,,,0.00,22,0.00,4,4,00,70,T,00,65,100,00,100.0000,51.0000,26.5000,9.2500,9.2500,0.0000,0.0000,0.0000,0.0000,0.0000,1000.00,,03,T,,15,1000,,T,B,0.00,0,,,A,N,,Y,Y,N,N,Y,N,N,N,N,N,N,N,N,N,N,N,N,N,N,N,N,,LIFE PAID UP AT AGE 65,,,,,,0,,NAPLAN,,
196085,960 LP85-M,LIFE PAID UP AT AGE 85-88,0,B,,,0.00,22,0.00,4,4,00,70,T,00,85,00,100,100.0000,51.0000,26.5000,9.2500,9.2500,0.0000,0.0000,0.0000,0.0000,0.0000,1000.00,,03,T,,2,50,,T,B,0.00,0,,,A,N,,F,0,0,,,,,,,,,,,,,,,,,,,,LIFE POLICY - PAID UP M AGE 85 F AGE 88,,,,,,0,,NAPLAN,,
1960OL,960 OL,ORDINARY WHOLE LIFE,0,B,,,0.00,22,0.00,4,4,00,70,T,100,00,100,00,100.0000,51.0000,26.5000,9.2500,9.2500,0.0000,0.0000,0.0000,0.0000,0.0000,1000.00,,03,T,,2,1000,,T,B,0.00,0,,,A,N,,Y,Y,N,N,Y,N,N,N,N,N,N,N,N,N,N,N,N,N,N,N,N,,ORDINARY WHOLE LIFE,,,,,,0,,NAPLAN,,
1OLPUA,960 OL PUA,PAID UP ADDS - ORDINARY WHOLE LIFE,0,B,,,0.00,22,0.00,4,4,00,70,T,100,00,100,00,100.0000,51.0000,26.5000,9.2500,9.2500,0.0000,0.0000,0.0000,0.0000,0.0000,1000.00,,03,T,,0,99,,T,B,0.00,0,,,A,N,,N,N,N,N,N,N,N,N,N,N,N,N,N,N,N,N,N,N,N,N,N,,PUAS FOR 960 OL,,,,,,0,,NAPLAN,,
1960PO,960 PO,PREFERRED ORDINARY WHOLE LIFE,0,B,,,0.00,22,0.00,4,4,00,70,T,00,103,00,103,100.0000,51.0000,26.5000,9.2500,9.2500,0.0000,0.0000,0.0000,0.0000,0.0000,1000.00,,03,T,,5,1000,,T,B,0.00,0,,,A,N,,Y,Y,N,Y,Y,Y,N,N,N,N,N,N,N,N,N,N,N,N,N,N,N,,PREFERRED ORDINARY WHOLE LIFE,,,,,,0,,NAPLAN,,
1POPUA,960 PO PUA,PAID UP ADDS - PREF ORDINARY WHOLE LIFE,0,B,,,0.00,22,0.00,4,4,00,70,T,100,00,100,00,100.0000,51.0000,26.5000,9.2500,9.2500,0.0000,0.0000,0.0000,0.0000,0.0000,1000.00,,03,T,,0,99,,T,B,0.00,0,,,A,N,,Y,N,N,Y,N,N,N,N,N,N,N,N,N,N,N,N,N,N,N,N,N,,PUAS FOR 960 PO,,,,,,0,,NAPLAN,,
2961ME,961 ME65,MODIFIED ENDOWMENT AT 65,0,B,,,0.00,22,0.00,4,4,00,55,T,00,65,00,65,100.0000,51.0000,26.5000,9.2500,9.2500,0.0000,0.0000,0.0000,0.0000,0.0000,1000.00,,03,T,,1,10,,T,B,0.00,0,,,A,N,,Y,N,N,Y,Y,Y,N,N,N,N,N,N,N,N,N,N,N,N,N,N,N,,MODIFIED ENDOWMENT AT 65,,,,,,0,,NAPLAN,,
261PUA,961 PUA,PAID UP ADDS - MODIFIED ENDOWMENT AT 65,0,B,,,0.00,22,0.00,4,4,00,55,T,00,65,00,65,100.0000,51.0000,26.5000,9.2500,9.2500,0.0000,0.0000,0.0000,0.0000,0.0000,1000.00,,03,T,,0,99,,T,B,0.00,0,,,A,N,,Y,Y,N,Y,N,N,N,N,N,N,N,N,N,N,N,N,N,N,N,N,N,,PAID UP ADDS - MODIFIED ENDOWMENT AT 65,,,,,,0,,NAPLAN,,
1970JB,970 JEB,JUVENILE EST BUILD PU AT 85 LIFE,0,B,,,0.00,22,0.00,4,4,00,14,T,00,85,00,100,100.0000,51.0000,26.5000,9.2500,9.2500,0.0000,0.0000,0.0000,0.0000,0.0000,1000.00,,07,T,,1,1,,T,B,0.00,0,,,A,N,,Y,N,N,N,Y,N,N,N,N,N,N,N,N,N,N,N,N,N,N,N,N,,JUVENILE EST BUILD PU AT 85 LIFE,,,,,,0,,NAPLAN,,
1970PA,970 PUA,PAID UP ADDS - JUV EST BUILD PU AT 85,0,B,,,0.00,22,0.00,4,4,00,14,T,00,85,00,100,100.0000,51.0000,26.5000,9.2500,9.2500,0.0000,0.0000,0.0000,0.0000,0.0000,1000.00,,07,T,,0,99,,T,B,0.00,0,,,A,N,,N,N,N,N,N,N,N,N,N,N,N,N,N,N,N,N,N,N,N,N,N,,PAID UP ADDS - JUV EST BUILD PU AT 85,,,,,,0,,NAPLAN,,
280END,980 END65,ENDOWMENT AT AGE 65,0,B,,,0.00,22,0.00,4,4,00,55,T,00,65,00,65,100.0000,51.0000,26.5000,9.2500,9.2500,0.0000,0.0000,0.0000,0.0000,0.0000,1000.00,,03,T,,2,100,,T,B,0.00,0,,,A,N,,Y,N,N,Y,Y,Y,N,N,N,N,N,N,N,N,N,N,N,N,N,N,N,,ENDOWMENT AT AGE 65,,,,,,0,,NAPLAN,,
280PUA,980 PUA,PAID UP ADDS - ENDOWMENT AT AGE 65,0,B,,,0.00,22,0.00,4,4,00,55,T,00,65,00,65,100.0000,51.0000,26.5000,9.2500,9.2500,0.0000,0.0000,0.0000,0.0000,0.0000,1000.00,,03,T,,0,99,,T,B,0.00,0,,,A,N,,Y,Y,N,Y,N,N,N,N,N,N,N,N,N,N,N,N,N,N,N,N,N,,PUAS FOR 980 END65,,,,,,0,,NAPLAN,,
1991PL,991 PWL,PENSION WHOLE LIFE,0,B,,,0.00,22,0.00,4,4,15,78,T,00,103,00,103,100.0000,51.0000,26.5000,9.2500,9.2500,0.0000,0.0000,0.0000,0.0000,0.0000,1000.00,,03,T,,1,100,,T,B,0.00,0,,,A,N,,Y,N,N,Y,Y,Y,N,N,N,N,N,N,N,N,N,N,N,N,N,N,N,,ALL PENSION WHOLE LIFE IN RPU STATUS,,,,,,0,,NAPLAN,,
9DIS20,DISCHO20 B,HOME OFFICE DISCOUNT 20% 1YR,0,B,,,0.00,22,0.00,4,4,00,85,T,100,00,100,00,100.0000,51.0000,26.5000,9.2500,9.2500,0.0000,0.0000,0.0000,0.0000,0.0000,1000.00,,CF,T,,0,99,,T,B,0.00,0,,,A,N,,N,N,N,N,N,N,N,N,N,N,N,N,N,N,N,N,N,N,N,N,N,,HOME OFFICE DISCOUNT 20% 1YR,,,,,,0,,NAPLAN,,
9DIS24,DISCHO2475,HOME OFFICE DISCOUNT - 24.75%,0,B,,,0.00,22,0.00,4,4,00,100,T,100,00,100,00,100.0000,51.0000,26.5000,9.2500,9.2500,0.0000,0.0000,0.0000,0.0000,0.0000,1000.00,,CF,T,,1,1,,T,B,0.00,0,,,A,N,,N,N,N,N,N,N,N,N,N,N,N,N,N,N,N,N,N,N,N,N,N,,"DISCNT 24.75% - L10 LP95, L10 OLD, 619DT",,,,,,0,,NAPLAN,,
9DS24B,DISCHO247B,HOME OFFICE DISCOUNT - 24.75%,0,B,,,0.00,22,0.00,4,4,00,100,T,100,00,100,00,100.0000,51.0000,26.5000,9.2500,9.2500,0.0000,0.0000,0.0000,0.0000,0.0000,1000.00,,CF,T,,1,1,,T,B,0.00,0,,,A,N,,N,N,N,N,N,N,N,N,N,N,N,N,N,N,N,N,N,N,N,N,N,,HOME OFFICE DISCOUNT - 24.75%,,,,,,0,,NAPLAN,,
9DS24C,DISCHO247C,HOME OFFICE DISCOUNT - 24.75%,0,B,,,0.00,22,0.00,4,4,00,100,T,100,00,100,00,100.0000,51.0000,26.5000,9.2500,9.2500,0.0000,0.0000,0.0000,0.0000,0.0000,1000.00,,CF,T,,0,99,,T,B,0.00,0,,,A,N,,N,N,N,N,N,N,N,N,N,N,N,N,N,N,N,N,N,N,N,N,N,,HOME OFFICE DISCOUNT - 24.75%,,,,,,0,,NAPLAN,,
9DIS29,DISCHO29,HOME OFFICE DISCOUNT 29% - MODERULE 37,0,B,,,0.00,22,0.00,4,4,45,85,T,10,00,10,00,100.0000,51.0000,26.5000,9.2500,9.2500,0.0000,0.0000,0.0000,0.0000,0.0000,1000.00,,CF,T,,1,1,,T,B,0.00,0,,,A,N,,N,N,N,N,N,N,N,N,N,N,N,N,N,N,N,N,N,N,N,N,N,,HOME OFFICE DISCOUNT 29% - MODERULE 37,,,,,,0,,NAPLAN,,
9DIS70,DISCHO70,HOME OFFICE DISCOUNT - 70/13%,0,B,,,0.00,22,0.00,4,4,00,100,T,100,00,100,00,100.0000,51.0000,26.5000,9.2500,9.2500,0.0000,0.0000,0.0000,0.0000,0.0000,1000.00,,CF,T,,1,1,,T,B,0.00,0,,,A,N,,N,N,N,N,N,N,N,N,N,N,N,N,N,N,N,N,N,N,N,N,N,,DISCOUNT 70/13% -  L01 10Y LT,,,,,,0,,NAPLAN,,
9DIS80,DISCHO80,HOME OFFICE DISCOUNT 80% 1 YR,0,B,,,0.00,22,0.00,4,4,00,85,T,100,00,100,00,100.0000,51.0000,26.5000,9.2500,9.2500,0.0000,0.0000,0.0000,0.0000,0.0000,1000.00,,CF,T,,0,99,,T,B,0.00,0,,,A,N,,N,N,N,N,N,N,N,N,N,N,N,N,N,N,N,N,N,N,N,N,N,,HOME OFFICE DISCOUNT 80% 1 YR,,,,,,0,,NAPLAN,,
9DIS90,DISCHO90,HOME OFFICE DISCOUNT 90% 1 YR,0,B,,,0.00,22,0.00,4,4,00,85,T,100,00,100,00,100.0000,51.0000,26.5000,9.2500,9.2500,0.0000,0.0000,0.0000,0.0000,0.0000,1000.00,,CF,T,,0,99,,T,B,0.00,0,,,A,N,,N,N,N,N,N,N,N,N,N,N,N,N,N,N,N,N,N,N,N,N,N,,HOME OFFICE DISCOUNT 90% 1 YR,,,,,,0,,NAPLAN,,
5L0110,L01 10Y LT,TEN YEAR LEVEL TERM TO AGE 95,0,B,,,0.00,22,0.00,4,4,00,85,T,00,95,00,95,100.0000,51.0000,26.5000,9.2500,9.2500,0.0000,0.0000,0.0000,0.0000,0.0000,1000.00,,08,T,,25000,1000000,,T,B,0.00,0,,,A,N,,Y,Y,N,N,N,N,Y,N,N,N,N,Y,N,N,N,N,N,N,N,N,N,,TEN YEAR LEVEL TERM TO AGE 95,,,,,,0,,NAPLAN,,
5L01MA,L01 10Y MA,TEN YEAR LEVEL TERM TO AGE 95,0,B,,,0.00,22,0.00,4,4,00,85,T,00,95,00,95,100.0000,51.0000,26.5000,9.2500,9.2500,0.0000,0.0000,0.0000,0.0000,0.0000,1000.00,,08,T,,25000,1000000,,T,B,0.00,0,,,A,N,,Y,N,N,N,Y,N,N,N,N,N,N,Y,N,N,N,N,N,N,N,N,N,,TEN YEAR LEVEL TERM TO AGE 95,,,,,,0,,NAPLAN,,
5L0510,L05 10Y LT,TEN YEAR TERM TO AGE 85,0,B,,,0.00,22,0.00,4,4,00,85,T,00,85,00,85,100.0000,51.0000,26.5000,9.2500,9.2500,0.0000,0.0000,0.0000,0.0000,0.0000,1000.00,,08,T,,0,99,,T,B,0.00,0,,,A,N,,Y,Y,N,N,N,N,Y,N,N,N,N,Y,N,N,N,N,N,N,N,N,N,,TEN YEAR TERM TO AGE 85,,,,,,0,,NAPLAN,,
5L075Y,L07 5Y LT,FIVE YEAR TERM TO AGE 85,0,B,,,0.00,22,0.00,4,4,00,85,T,00,85,00,85,100.0000,51.0000,26.5000,9.2500,9.2500,0.0000,0.0000,0.0000,0.0000,0.0000,1000.00,,08,T,,50000,1000000,,T,B,0.00,0,,,A,N,,Y,Y,N,N,N,N,Y,N,N,N,N,Y,N,N,N,N,N,N,N,N,N,,FIVE YEAR TERM TO AGE 85,,,,,,0,,NAPLAN,,
9ADB10,L10 ADB,L10 ACCIDENTAL DEATH BENEFIT,0,B,,,0.00,22,0.00,4,4,19,60,T,00,65,00,65,100.0000,51.0000,26.5000,9.2500,9.2500,0.0000,0.0000,0.0000,0.0000,0.0000,1000.00,,12,T,,10000,150000,,T,B,0.00,0,,,A,N,,F,0,0,,,,,,,,,,,,,,,,,,,,"ACC DB - L10 LP95, L10 OLD, L10 SR OLD",,,,,,0,,NAPLAN,,
5CDT10,L10 CDT,L10 CHILD TERM RIDER,0,B,,,0.00,22,0.00,4,4,00,25,T,00,25,00,25,100.0000,51.0000,26.5000,9.2500,9.2500,0.0000,0.0000,0.0000,0.0000,0.0000,1000.00,,03,T,,1,5,,T,B,0.00,0,,,A,N,,Y,N,N,N,Y,N,N,N,N,Y,N,N,N,N,N,N,N,N,N,N,N,,"CTR - L10 LP95, L10 OLD",,,,,,0,,NAPLAN,,
9GPO10,L10 GPO,L10 GPO OLD,0,B,,,0.00,22,0.00,4,4,00,40,T,08,00,08,00,100.0000,51.0000,26.5000,9.2500,9.2500,0.0000,0.0000,0.0000,0.0000,0.0000,1000.00,,12,T,,1000,100000,,T,B,0.00,0,,,A,N,,F,0,0,,,,,,,,,,,,,,,,,,,,"GPO OLD - L10 LP95, L10 OLD",,,,,,0,,NAPLAN,,
9JPO10,L10 JPO,L10 JUVENILE PURCHASE OPTION - OLD,0,B,,,0.00,22,0.00,4,4,00,18,T,00,40,00,40,100.0000,51.0000,26.5000,9.2500,9.2500,0.0000,0.0000,0.0000,0.0000,0.0000,1000.00,,12,T,,1000,25000,,T,B,0.00,0,,,A,N,,F,0,0,,,,,,,,,,,,,,,,,,,,"JUV PURCH OPTION - L10 LP95, OLD, SR OLD",,,,,,0,,NAPLAN,,
1L1095,L10 LP95,L10 - LPU95     POST 1997 LIFE,0,B,,,0.00,22,0.00,4,4,00,85,T,00,95,100,00,100.0000,51.0000,26.5000,9.2500,9.2500,0.0000,0.0000,0.0000,0.0000,0.0000,1000.00,,12,T,,0,0,,T,B,0.00,0,,,A,N,,Y,N,N,Y,Y,N,N,N,Y,Y,N,N,N,N,N,N,N,N,N,N,N,,WHOLE LIFE PAYABLE TO AGE 95 - JR,,,,,,0,,NAPLAN,,
1L10SR,L10 LP95SR,L10 - LPU95   POST 1997  SENIOR LIFE,0,B,,,0.00,22,0.00,4,4,50,85,T,00,95,100,00,100.0000,51.0000,26.5000,9.2500,9.2500,0.0000,0.0000,0.0000,0.0000,0.0000,1000.00,,13,T,,3000,25000,,T,B,0.00,0,,,A,N,,Y,N,N,N,Y,N,N,N,N,N,N,N,N,N,N,N,N,N,N,N,N,,WHOLE LIFE PAYABLE TO AGE 95 - SR,,,,,,0,,NAPLAN,,
1L10OD,L10 OLD,L10 - LPU95       PRE 1997,0,B,,,0.00,22,0.00,4,4,00,85,T,00,95,100,00,100.0000,51.0000,26.5000,9.2500,9.2500,0.0000,0.0000,0.0000,0.0000,0.0000,1000.00,,12,T,,0,99,,T,B,0.00,0,,,A,N,,Y,N,N,Y,N,N,N,N,Y,N,N,N,N,N,N,N,N,N,N,N,N,,L10 PRE97 VS L10 OLD,,,,,,0,,NAPLAN,,
1L10PR,L10 PREUNI,L10 - LPU95       PRE 1997,0,B,,,0.00,22,0.00,4,4,00,85,T,00,95,00,100,100.0000,51.0000,26.5000,9.2500,9.2500,0.0000,0.0000,0.0000,0.0000,0.0000,1000.00,,12,T,,0,99,,T,B,0.00,0,,,A,N,,Y,N,N,N,N,N,Y,N,Y,N,N,Y,N,N,N,N,N,N,N,N,N,,L10 PREUNI,,,,,,0,,NAPLAN,,
7SDT10,L10 SDT,L10 SPOUSE DECREASING TERM,0,B,,,0.00,22,0.00,4,4,18,55,T,00,65,00,65,100.0000,51.0000,26.5000,9.2500,9.2500,0.0000,0.0000,0.0000,0.0000,0.0000,1000.00,,03,T,,1,20,,T,B,0.00,0,,,A,N,,Y,N,N,N,Y,N,N,N,N,Y,N,N,N,N,N,N,N,N,N,N,N,,L10 SPOUSE DECR TERM - L10 OLD,,,,,,0,,NAPLAN,,
910SWP,L10 SPSWP,L10 SPOUSE WP,0,B,,,0.00,22,0.00,4,4,18,55,T,00,64,00,64,100.0000,51.0000,26.5000,9.2500,9.2500,0.0000,0.0000,0.0000,0.0000,0.0000,1000.00,,12,T,,1,20,,T,B,0.00,0,,,A,N,,N,N,N,N,N,N,N,N,N,N,N,N,N,N,N,N,N,N,N,N,N,,L10 SPOUSE WP,,,,,,0,,NAPLAN,,
1L10SO,L10 SR OLD,L10 - LPU95  SR.     PRE 1997,0,B,,,0.00,22,0.00,4,4,50,85,T,00,95,00,100,100.0000,51.0000,26.5000,9.2500,9.2500,0.0000,0.0000,0.0000,0.0000,0.0000,1000.00,,13,T,,3000,20000,,T,B,0.00,0,,,A,N,,Y,Y,N,N,N,N,Y,N,N,N,N,Y,N,N,N,N,N,N,N,N,N,,WHOLE LIFE PAYABLE TO AGE 95 - SR,,,,,,0,,NAPLAN,,
9WPL10,L10 WP,L10 WAIVER OF PREMIUM   POST 1997,0,B,,,0.00,22,0.00,4,4,19,55,T,00,60,00,60,100.0000,51.0000,26.5000,9.2500,9.2500,0.0000,0.0000,0.0000,0.0000,0.0000,1000.00,,12,T,,3000,999999999,,T,B,0.00,0,,,A,N,,Y,Y,N,N,N,N,Y,N,N,N,N,Y,N,N,N,N,N,N,N,N,N,,WAIVER OF PREMIUM - L10 LP95,,,,,,0,,NAPLAN,,
9CDTWP,L10 WP CDT,L10 CHILD WP,0,B,,,0.00,22,0.00,4,4,00,25,T,00,25,00,25,100.0000,51.0000,26.5000,9.2500,9.2500,0.0000,0.0000,0.0000,0.0000,0.0000,1000.00,,12,T,,1,5,,T,B,0.00,0,,,A,N,,N,N,N,N,N,N,N,N,N,N,N,N,N,N,N,N,N,N,N,N,N,,CHILD WAIVER OF PREM -  L10 LP95,,,,,,0,,NAPLAN,,
9OLDWP,L10 WP OLD,WAIVER OF PREMIUM - L10,0,B,,,0.00,22,0.00,4,4,19,55,T,00,60,00,60,100.0000,51.0000,26.5000,9.2500,9.2500,0.0000,0.0000,0.0000,0.0000,0.0000,1000.00,,12,T,,0,99,,T,B,0.00,0,,,A,N,,Y,Y,N,N,N,N,Y,N,N,N,N,Y,N,N,N,N,N,N,N,N,N,,WAIVER OF PREMIUM - L10 OLD,,,,,,0,,NAPLAN,,
910RWP,L10 WP SRN,L10 WAIVER OF PREMIUM   POST 1997,0,B,,,0.00,22,0.00,4,4,19,55,T,00,60,00,60,100.0000,51.0000,26.5000,9.2500,9.2500,0.0000,0.0000,0.0000,0.0000,0.0000,1000.00,,13,T,,3000,999999999,,T,B,0.00,0,,,A,N,,Y,Y,N,N,N,N,N,N,N,N,N,N,N,N,N,N,N,N,N,N,N,,L10 WAIVER OF PREMIUM   POST 1997,,,,,,0,,NAPLAN,,
1L14SC,L14,WHOLE LIFE,0,B,,,0.00,22,0.00,4,4,45,85,T,00,100,00,100,100.0000,51.0000,26.5000,9.2500,9.2500,0.0000,0.0000,0.0000,0.0000,0.0000,1000.00,,13,T,,0,0,,T,B,0.00,0,,,A,N,,Y,Y,N,Y,Y,N,N,N,N,N,N,N,N,N,N,N,N,N,N,N,N,,SECURECHOICE LIFE: GRADED DB WL,,,,,,0,,NAPLAN,,
1L15GD,L15,GRADED DEATH BENEFIT WHOLE LIFE,0,B,,,0.00,22,0.00,4,4,45,85,T,00,100,00,100,100.0000,51.0000,26.5000,9.2500,9.2500,0.0000,0.0000,0.0000,0.0000,0.0000,1000.00,,13,T,,0,99,,T,B,0.00,0,,,A,N,,Y,N,N,Y,Y,N,N,N,N,N,N,N,N,N,N,N,N,N,N,N,N,,"WL - 100% YR 4, 101% OF CV AFTER 100",,,,,,0,,NAPLAN,,
9ADB15,L15 ADB,INHERENT ACCIDENTAL DEATH (3 YR) FOR L15,0,B,,,0.00,22,0.00,4,4,45,85,T,03,00,03,00,100.0000,51.0000,26.5000,9.2500,9.2500,0.0000,0.0000,0.0000,0.0000,0.0000,1000.00,,13,T,,5000,25000,,T,B,0.00,0,,,A,N,,F,0,0,,,,,,,,,,,,,,,,,,,,INHERENT ACCIDENTAL DEATH (3 YR) FOR L15,,,,,,0,,NAPLAN,,
1L16GD,L16,GRADED DEATH BENEFIT WHOLE LIFE,0,B,,,0.00,22,0.00,4,4,50,70,T,00,100,00,100,100.0000,51.0000,26.5000,9.2500,9.2500,0.0000,0.0000,0.0000,0.0000,0.0000,1000.00,,13,T,,0,99,,T,B,0.00,0,,,A,N,,Y,Y,Y,Y,Y,N,N,N,N,N,N,N,N,N,N,N,N,N,N,N,N,,"WL - 100% YR 3, 101% OF CV AFTER 100",,,,,,0,,NAPLAN,,
9L16PF,L16POLFEE,GRADED DEATH BENEFIT,0,B,,,0.00,22,0.00,4,4,50,70,T,02,00,02,00,100.0000,51.0000,26.5000,9.2500,9.2500,0.0000,0.0000,0.0000,0.0000,0.0000,1000.00,,13,T,,0,99,,T,B,0.00,0,,,A,N,,Y,N,Y,N,N,N,N,N,N,N,N,N,N,N,N,N,N,N,N,N,N,,GRADED DEATH BENEFIT,,,,,,0,,NAPLAN,,
10L171,L17 1,SINGLE PREMIUM WHOLE LIFE,0,B,,,0.00,22,0.00,4,4,00,18,T,00,00,00,100,100.0000,51.0000,26.5000,9.2500,9.2500,0.0000,0.0000,0.0000,0.0000,0.0000,1000.00,,12,T,,0,99,,T,B,0.00,0,,,A,N,,F,0,0,,,,,,,,,,,,,,,,,,,,SINGLE PREMIUM WL - L17,,,,,,0,,NAPLAN,,
117JPO,L17 1 JPO,L17 JUVENILE PURCHASE OPTION,0,B,,,0.00,22,0.00,4,4,00,18,T,00,00,00,100,100.0000,51.0000,26.5000,9.2500,9.2500,0.0000,0.0000,0.0000,0.0000,0.0000,1000.00,,12,T,,0,99,,T,B,0.00,0,,,A,N,,F,0,0,,,,,,,,,,,,,,,,,,,,JUVENILE PURCHASE OPTION - L17,,,,,,0,,NAPLAN,,
10L172,L17 2+,SINGLE PREMIUM WHOLE LIFE,0,B,,,0.00,22,0.00,4,4,00,18,T,00,00,00,100,100.0000,51.0000,26.5000,9.2500,9.2500,0.0000,0.0000,0.0000,0.0000,0.0000,1000.00,,12,T,,0,99,,T,B,0.00,0,,,A,N,,F,0,0,,,,,,,,,,,,,,,,,,,,SINGLE PREMIUM WL - L17,,,,,,0,,NAPLAN,,
17MJPO,L17 2+ JPO,L17 MULTI JUVENILE PURCHASE OPTION,0,B,,,0.00,22,0.00,4,4,00,18,T,00,00,00,100,100.0000,51.0000,26.5000,9.2500,9.2500,0.0000,0.0000,0.0000,0.0000,0.0000,1000.00,,12,T,,0,99,,T,B,0.00,0,,,A,N,,Y,Y,N,N,N,N,N,N,N,N,N,Y,N,N,N,N,N,N,N,N,N,,MULTI JUVENILE PURCHASE OPTION - L17,,,,,,0,,NAPLAN,,
1L17SP,L17,SINGLE PREMIUM WHOLE LIFE,0,B,,,0.00,22,0.00,4,4,00,18,T,00,00,00,100,100.0000,51.0000,26.5000,9.2500,9.2500,0.0000,0.0000,0.0000,0.0000,0.0000,1000.00,,12,T,,0,99,,T,B,0.00,0,,,A,N,,F,0,0,,,,,,,,,,,,,,,,,,,,WHOLE LIFE: LEV DB TO 100; 101% CV,,,,,,0,,NAPLAN,,
9SLADB,SAL ADB,SAL ACCIDENTAL DEATH BENEFIT,0,B,,,0.00,22,0.00,4,4,00,75,T,100,00,100,00,100.0000,51.0000,26.5000,9.2500,9.2500,0.0000,0.0000,0.0000,0.0000,0.0000,1000.00,,70,T,,0,10000,,T,B,0.00,0,,,A,N,,N,N,N,N,N,N,N,N,N,N,N,N,N,N,N,N,N,N,N,N,N,,ACCIDENTAL DEATH BENEFIT - SAL ML,,,,,,0,,NAPLAN,,
1SALML,SAL ML,MODIFIED LIFE,0,B,,,0.00,22,0.00,4,4,00,75,T,100,00,100,00,100.0000,51.0000,26.5000,9.2500,9.2500,0.0000,0.0000,0.0000,0.0000,0.0000,1000.00,,70,T,,1,10000,,T,B,0.00,0,,,A,N,,F,0,0,,,,,,,,,,,,,,,,,,,,STANDARD AMERICAN MODIFIED LIFE,,,,,,0,,NAPLAN,,
1SALMI,SAL MULTPL,MULTIPLE INSUREDS SAL MODIFIED LIFE,0,B,,,0.00,22,0.00,4,4,00,75,T,100,00,100,00,100.0000,51.0000,26.5000,9.2500,9.2500,0.0000,0.0000,0.0000,0.0000,0.0000,1000.00,,70,T,,0,10000,,T,B,0.00,0,,,A,N,,N,N,N,N,N,N,N,N,N,N,N,N,N,N,N,N,N,N,N,N,N,,MULTIPLE INSUREDS - SAL ML,,,,,,0,,NAPLAN,,
1SALOL,SAL OL,ORDINARY WHOLE LIFE,0,B,,,0.00,22,0.00,4,4,00,75,T,100,00,100,00,100.0000,51.0000,26.5000,9.2500,9.2500,0.0000,0.0000,0.0000,0.0000,0.0000,1000.00,,70,T,,2,1000,,T,B,0.00,0,,,A,N,,Y,Y,N,N,N,N,N,N,N,N,N,N,N,N,N,N,N,N,N,N,N,,STANDARD AMERICAN ORDINARY LIFE,,,,,,0,,NAPLAN,,
9WP646,WP 646,WAIVER OF PREMIUM,0,B,,,0.00,22,0.00,4,4,20,60,T,00,69,00,69,100.0000,51.0000,26.5000,9.2500,9.2500,0.0000,0.0000,0.0000,0.0000,0.0000,1000.00,,03,T,,1,200,,T,B,0.00,0,,,A,N,,N,N,N,N,N,N,N,N,N,N,N,N,N,N,N,N,N,N,N,N,N,,WAIVER OF PREMIUM,,,,,,0,,NAPLAN,,
